# Author=Picture
Timo\ Taipalus\ (Abaddon)=Abaddon.jpg
Adam\ Bulka\ &\ Michael\ Hendriks=Adam_Bulka.jpg
Adam\ Gilmore\ (Gizmo)=Adam_Gilmore.jpg
Adam\ Gilmore=Adam_Gilmore.jpg
Adrian\ Pertout=Adrian_Pertout.jpg
Andr\u00e9\ Buerger\ (AEG)=AEG.jpg
Ari\ Yliaho\ (Agemixer)=Agemixer.jpg
Andrzej\ Kucharski\ (Akadem)=Akadem.jpg
Al\ Lowe=Al_Lowe.jpg
Alan\ Crooke=Alan_Crooke.jpg
Alberto\ Frabetti=Alberto_Frabetti.jpg
Aleksi\ Eeben=Aleksi_Eeben.jpg
Che\ Lalic\ (Alfatech)=Alfatech.jpg
Stefan\ Konarkowski\ (Alien)=Alien.jpg
S.\ Konarkowski\ (Alien)\ &\ Jenny=Alien.jpg
Allister\ Brimble=Allister_Brimble.jpg
Bj\u00f6rn\ Stockleben\ (Amadeus)=Amadeus.jpg
Alex\ Martin\ (AMB)=AMB.jpg
Juha-Matti\ Hilpinen\ (AMJ)=AMJ.jpg
Andreas\ Spreen=Andreas_Spreen.jpg
Andrew\ Craigie\ (Android)=Andrew_Craigie.jpg
Andrew\ Fisher\ (Merman)=Andrew_Fisher.jpg
\u00c1d\u00e1m\ D\u00e1vidovics\ (Andy)=Andy.jpg
\u00c1d\u00e1m\ D\u00e1vidovics(A.\ J.\ Fletcher)=Andy.jpg
Antony\ Crowther\ (Ratt)=Antony_Crowther.jpg
Antony\ Crowther=Antony_Crowther.jpg
Antti\ Hannula=Antti_Hannula.jpg
Antti\ Hannula\ (Flex)=Antti_Hannula.jpg
Antti\ Piirainen\ (Addict)=Antti_Piirainen.jpg
Antti\ Piirainen\ (Rolex)=Antti_Piirainen.jpg
Teemu\ Astikainen\ (Argon)=Argon.jpg
Arman\ Behdad\ (S.U.C.K.)=Arman_Behdad.jpg
Arman\ Behdad\ (Intensity)=Arman_Behdad.jpg
Arman\ Behdad\ (Arman)=Arman_Behdad.jpg
Arman\ Behdad\ (Snickers)=Arman_Behdad.jpg
Arman\ Behdad=Arman_Behdad.jpg
Arndt\ Heitkamp\ (Steelrat)=Arndt_Heitkamp.jpg
Arndt\ Heitkamp=Arndt_Heitkamp.jpg
Arne\ Puszelski\ (Arne)=Arne.jpg
Art\u00far\ Bujdos\u00f3\ (Artlace)=Artlace.jpg
Ashley\ Hogg=Ashley_Hogg.jpg
Andrzej\ Sielicki\ (ASL)=ASL.jpg
Rafal\ Kazimierski\ (Asterion)=Asterion.jpg
Jonas\ H\u00e5kansson\ (Avalon)=Avalon.jpg
Christof\ M\u00fchlan\ (Banana)=Banana.jpg
Barry\ Leitch\ (The\ Jackal)=Barry_Leitch.jpg
Barry\ Leitch=Barry_Leitch.jpg
Ben\ Daglish=Ben_Daglish.jpg
Rene\ Griebel\ (Bleed\ Into\ One)=Bleed_Into_One.jpg
Mikael\ Alatalo\ (Bluez)=Bluez.jpg
Bo\ Mellberg=Bo_Mellberg.jpg
Graham\ Marsh\ (BOGG)=BOGG.jpg
Ulf\ Dahl\ (Boo)=Boo.jpg
Linus\ Nielsen\ (Boogaloo)=Boogaloo.jpg
Marcin\ Kubica\ (Booker)=Booker.jpg
Peter\ Halin\ (Britelite)=Brite-Lite.jpg
Peter\ Halin\ (Brite-Lite)=Brite-Lite.jpg
Sylwester\ Hasiak\ (Buddha)=Buddha.jpg
Sylweste\ Hasiak\ (Buddha)=Buddha.jpg
Piotr\ Baczkiewicz\ (Bzyk)=Bzyk.jpg
Lasse\ \u00d6\u00f6rni\ (Cadaver)=Cadaver.jpg
\u00c1kos\ Makrai\ (Cane)=Cane.jpg
G\u00e1bor\ Guzslov\u00e1n\ (Cargo)=Cargo.jpg
G\u00e1bor\ Csord\u00e1s\ (Carlos)=Carlos.jpg
G\u00e1bor\ Csord\u00e1s\ <?>=Carlos.jpg
Carsten\ Ohlsen\ (Drake)=Carsten_Ohlsen.jpg
Roel\ Heerspink\ (Cerror)=Cerror.jpg
Charles\ Deenen/Maniacs\ of\ Noise=Charles_Deenen.jpg
Charles\ Deenen=Charles_Deenen.jpg
Charles\ Deenen\ (TMC)=Charles_Deenen.jpg
Marc\ (Chotaire)=Chotaire.jpg
Chris\ Abbott=Chris_Abbott.jpg
Chris\ H\u00fclsbeck=Chris_Huelsbeck.jpg
Christoph\ Bergmann=Christoph_Bergmann.jpg
Norbert\ Kowalski\ (Cleve)=Cleve.jpg
Marcus\ Jansson\ (CMP)=CMP.jpg
Samuli\ Piela\ (Codehead)=Codehead.jpg
Pawel\ Kulikowski\ (Comer)=Comer.jpg
Pawel\ Kulikowski=Comer.jpg
Roman\ Majewski\ (Compod)=Compod.jpg
Enno\ Coners\ (Cosowi)=Cosowi.jpg
Roman\ Chlebec\ (CreaMD)=CreaMD.jpg
Siegfried\ Rudzynski\ (Crome)=Crome.jpg
Toni\ L\u00f6nnberg\ (!Cube)=Cube.jpg
Even\ Scharning\ (Cycleburner)=Cycleburner.jpg
Attila\ Sz\u00f5ke\ (da\ Blondie)=Da_Blondie.jpg
Attila\ Sz\u00f5ke=Da_Blondie.jpg
Michal\ Relkowski\ (Daf)=Daf.jpg
Michal\ Relkowski=Daf.jpg
Ronny\ Engmann\ (dalezy)=Dalezy.jpg
Stellan\ Andersson\ (Dane)=Dane.jpg
Danjel\ Nyberg\ (Amadeus)=Danjel_Nyberg.jpg
Tomas\ Danko=Danko.jpg
Radoslaw\ Staszak\ (Data)=Data.jpg
Dave\ Warhol=Dave_Warhol.jpg
David\ Warhol=Dave_Warhol.jpg
Dave\ Warhol\ <?>=Dave_Warhol.jpg
David\ Whittaker=David_Whittaker.jpg
Dennis\ Lindroos\ (Deadman)=Deadman.jpg
Dean\ Evans=Dean_Evans.jpg
Jesper\ V\u00e4rn\ (Decoder)=Decoder.jpg
Richard\ Rinn\ (Deek)=Deek.jpg
Tero\ M\u00e4yr\u00e4nen\ (Deetsay)=Deetsay.jpg
Yavuz\ S\u00fck\u00fcr\ (Defbeat)=Defbeat.jpg
Peter\ Siekmann\ (Devilock)=Devilock.jpg
Benjamin\ Goedereis\ (Dgazz)=Dgazz.jpg
Dwayne\ Bakewell\ (DJB)=DJB.jpg
Kamil\ Degorski\ (Djinn)=Djinn.jpg
Bob\ Stoner\ (Dokken)=Dokken.jpg
Stefan\ Berglind\ (Doxx)=Doxx.jpg
Mikko\ Antikainen\ (Dr.\ Voice)=Dr_Voice.jpg
Thomas\ Mogensen\ (DRAX)=Drax.jpg
Anders\ Daugaard\ (Duck\ LaRock)=Duck_LaRock.jpg
Hai\ Nguyen\ Dinh\ (Duck-hunter)=Duck-hunter.jpg
Hai\ Nguyen\ Dinh\ (Duckstabber)=Duck-hunter.jpg
Rafal\ Pietraszko\ (Dune)=Dune.jpg
Zolt\u00e1n\ F.\ F\u00f6ldi\ (Eclipse)=Eclipse.jpg
Raik\ Picheta\ (Eco)=Eco.jpg
Eddie\ Sv\u00e4rd\ (Ed)=Ed.jpg
Edwin\ van\ Santen=Edwin_van_Santen.jpg
Kristopher\ Roebuck\ (Einstein)=Einstein.jpg
Kristopher\ Roebuck=Einstein.jpg
Eivind\ Sommersten=Eivind_Sommersten.jpg
Eric\ Ardem\ (ELA)=ELA.jpg
Dunkel\ Nilsen\ &\ Elektrond=ElekTrond.jpg
\u00d8yvind\ Vevang\ (Eloquence)=Eloquence.jpg
Elton\ de\ Hoog\ &\ Gerard\ Hultink=Elton_de_Hoog.jpg
Elton\ de\ Hoog\ (EDH)=Elton_de_Hoog.jpg
Emmanuel\ Lavall=Emmanuel_Lavall.jpg
Grzegorz\ Stawarz\ (Exile)=Exile.jpg
Alan\ Petrik\ (Factor6)=Factor6.jpg
Alexander\ Rotzsch\ (Fanta)=Fanta.jpg
Michael\ Keil\ (Fantastic\ Zool)=Fantastic_Zool.jpg
M.Keil(Fantastic\ Zool)\ &\ Benjam=Fantastic_Zool.jpg
Juha\ Granberg\ (FCS)=FCS.jpg
Paul\ Hannay\ (Feekzoid)=Feekzoid.jpg
Toni\ Cav\u00e9n\ (Ferrara)=Ferrara.jpg
Mark\ Dolman=Finn.jpg
Mark\ Dolman\ (Finn)=Finn.jpg
Mark\ Dolman\ (Lord\ Superior)=Finn.jpg
Finn\ Renard\ (Finnr)=Finn_Renard.jpg
Patryk\ Schultz\ (Firebee)=Firebee.jpg
Riku\ Kangas\ (Flotsam)=Flotsam.jpg
Sven\ Tewes\ (Floyd)=Floyd.jpg
Frank\ Gasking=Frank_Gasking.jpg
Fred\ Gray=Fred_Gray.jpg
Fred\ Gray\ <?>=Fred_Gray.jpg
Boleslaw\ Ogrodowczyk\ (Froyd)=Froyd.jpg
Kristofer\ Cassel\ (Galleon)=Galleon.jpg
Gavin\ Raeburn=Gavin_Raeburn.jpg
Gavin\ Raeburn\ (Gaxx)=Gavin_Raeburn.jpg
Geir\ Tjelta\ (Predator)=Geir_Tjelta.jpg
Geir\ Tjelta=Geir_Tjelta.jpg
Georg\ Feil=Georg_Feil.jpg
Gerard\ Gourley=Gerard_Gourley.jpg
Gerard\ Gourley\ (Gez)=Gerard_Gourley.jpg
Gerard\ Hultink=Gerard_Hultink.jpg
Gerhard\ Flagge\ (G-Fellow)=Gerhard_Flagge.jpg
Lukasz\ Baran\ (Glover)=Glover.jpg
Lukasz\ Baran\ (Mr.\ Death)=Glover.jpg
G\u00f6sta\ Feiweier=Goesta_Feiweier.jpg
Anders\ Carlsson\ (Goto80)=Goto80.jpg
Glenn\ Rune\ Gallefoss=GRG.jpg
P\u00e9ter\ Varga\ (Griff)=Griff.jpg
Groepaz=Groepaz.jpg
Rune\ Gausdal\ (Groms)=Groms.jpg
Claus\ Leth\ Gregersen\ (Groo)=Groo.jpg
Guy\ Shavitt=Guy_Shavitt.jpg
Pawel\ Ruczko\ (Murdock)=H_M_Murdock.jpg
Pawel\ Ruczko\ (H.M.Murdock)=H_M_Murdock.jpg
Arjen\ Bokhoven\ (Harlequin)=Harlequin.jpg
Ludovic\ Llorca\ (Harmony\ Prods)=Harmony_Productions.jpg
Adam\ Wieczorek\ (Harti)=Harti.jpg
Adam\ Wieczorek=Harti.jpg
David\ Malmborg\ (HCL)=HCL.jpg
Hein\ Holt\ (Hein\ Design)=Hein_Holt.jpg
Hein\ Holt=Hein_Holt.jpg
Mark\ Waldaukat\ (Heinm\u00fcck)=Heinmueck.jpg
Mark\ Waldaukat\ (Heinmukk)=Heinmueck.jpg
Henning\ Rokling=Henning_Rokling.jpg
Henning\ Rokling\ (Tornado)=Henning_Rokling.jpg
Holger\ Gehrmann=Holger_Gehrmann.jpg
Holger\ Knipping\ (Holly)=Holger_Knipping.jpg
Holger\ Knipping=Holger_Knipping.jpg
Welle\:\ Erdball\ /\ Honey=Honey.jpg
Keith\ Harvey\ (Howlin'\ Mad)=Howlin_Mad.jpg
Ian\ W.\ Crabtree=Ian_Crabtree.jpg
Marcel\ Sasik\ (Imaic)=Imaic.jpg
Mario\ Rodler\ (Imperial\ Zax)=Imperial_Zax.jpg
Inge\ H.\ Pedersen=Inge_Pedersen.jpg
Alain\ Hertenstein\ (Iron\ Cat)=Iron_Cat.jpg
Ivan\ Del\ Duca=Ivan_Del_Duca.jpg
Kamil\ Wolnikowski\ (Jammer)=Jammer.jpg
Jan\ Albartus\ (Logan)=Jan_Albartus.jpg
Jan\ Krolzig=Jan_Krolzig.jpg
Witold\ Kozlowski\ (Jane)=Jane.jpg
Jason\ Page\ (Jay)=Jason_Page.jpg
Jason\ Page=Jason_Page.jpg
Jens-Christian\ Huus=JCH.jpg
S\u00f8ren\ Lund\ (Jeff)=Jeff.jpg
Jeff\ Minter=Jeff_Minter.jpg
Jens\ Blidon=Jens_Blidon.jpg
Jeroen\ Breebaart\ (JB)=Jeroen_Breebaart.jpg
Jeroen\ Breebaart=Jeroen_Breebaart.jpg
Jeroen\ Soede=Jeroen_Soede.jpg
Jeroen\ Soede\ <?>=Jeroen_Soede.jpg
Jeroen\ Tel\ /\ Maniacs\ of\ Noise=Jeroen_Tel.jpg
Jeroen\ Tel=Jeroen_Tel.jpg
Jesper\ Kyd\ (Joe)=Jesper_Kyd.jpg
Johan\ Danielsson\ (JLD)=JLD.jpg
Jesper\ Olsen\ (JO)=JO.jpg
Jesper\ Olsen\ (Technic)=JO.jpg
Joachim\ Wijnhoven\ (Yogibear)=Joachim_Wijnhoven.jpg
Joachim\ Wijnhoven=Joachim_Wijnhoven.jpg
Johannes\ Bjerregaard=Johannes_Bjerregaard.jpg
Johan\ Svensson\ (Johey)=Johey.jpg
John\ Carehag\ (Ziphoid)=John_Carehag.jpg
John\ Carehag=John_Carehag.jpg
John\ Vanderaart=John_Vanderaart.jpg
John\ Vanderaart\ <?>=John_Vanderaart.jpg
John\ Wentworth=John_Wentworth.jpg
Johnny\ Klonaris=Johnny_Klonaris.jpg
Giovanni\ Giampieri\ (Johnny\ Owl)=Johnny_Owl.jpg
Jon\ Wells=Jon_Wells.jpg
Jonathan\ Dunn=Jonathan_Dunn.jpg
Jonathan\ Dunn\ (Choroid)=Jonathan_Dunn.jpg
Kay\ Tichelmann\ (Echo)=Kay_Tichelmann.jpg
Kay\ Tichelmann\ (Ragman)=Kay_Tichelmann.jpg
Kay\ Tichelmann\ (Dr.Fizzle)=Kay_Tichelmann.jpg
Karsten\ Pahuus\ Petersen\ (Kaze)=Kaze.jpg
Tammo\ Hinrichs\ (KB)=KB.jpg
Keith\ Tinman=Keith_Tinman.jpg
Linus\ Walleij\ (King\ Fisher)=King_Fisher.jpg
Kjell\ Nordb\u00f8=Kjell_Nordboe.jpg
Krzysztof\ Krawczyk\ (Klax)=Klax.jpg
Bj\u00f6rn\ Fogelberg\ (Knatter)=Knatter.jpg
Krystian\ Wyrwicz\ (Kordiaukis)=Kordiaukis.jpg
Kris\ Hatlelid=Kris_Hatlelid.jpg
Kristian\ R\u00f8st\u00f8en=Kristian_Roestoeen.jpg
Kristian\ R\u00f8st\u00f8en\ (Stormbringer)=Kristian_Roestoeen.jpg
Lars\ Hoff\ (Shade)=Lars_Hoff.jpg
Lars\ Hoff=Lars_Hoff.jpg
Marcin\ Mazur\ (Rebe)=Latifah.jpg
Marcin\ Mazur\ (Rebe)\ <?>=Latifah.jpg
Thomas\ E.\ Petersen\ (Laxity)=Laxity.jpg
Thomas\ Egeskov\ Petersen=Laxity.jpg
Aleksander\ Marchwiak\ (Leming)=Leming.jpg
Leif\ Claesson\ (Liket)=Liket.jpg
Klaus\ Gr\u00f8ngaard\ (Link)=Link.jpg
Klaus\ Gr\u00f8ngaard=Link.jpg
Sascha\ Zeidler\ (Linus)=Linus.jpg
Michal\ Wycislik\ (Lio)=Lio.jpg
Lizard=Lizard.jpg
Magnar\ Harestad\ (Lizard)=Lizard.jpg
Magnar\ Harestad=Lizard.jpg
Marek\ Heinrichs\ (Logan)=Logan.jpg
Milosz\ Ignatowski\ (Longhair)=Longhair.jpg
Robert\ D\u00f6rfler\ (LordNikon)=Lordnikon.jpg
Robert\ D\u00f6rfler\ (Lordnikon)=Lordnikon.jpg
Lajos\ Suv\u00e1k\ (Louie)=Louie.jpg
Luca\ Carrafiello\ (Luca)=Luca.jpg
Patrick\ Ceuppens\ (Lyon)=Lyon.jpg
Marcel\ Donn\u00e9\ (Mad)=Mad.jpg
Marcel\ Donn\u00e9\ (Mad\ 69)=Mad.jpg
Martin\ Arentoft\ (Maduplec)=Maduplec.jpg
Per\ Tufvesson\ (Mahoney)=Mahoney.jpg
Per\ Tufvesson\ (Zax)=Mahoney.jpg
maktone=Maktone.jpg
Petr\ Kratky\ (Manex)=Manex.jpg
Mark\ Cooksey=Mark_Cooksey.jpg
Mark\ Cooksey\ <?>=Mark_Cooksey.jpg
Mark\ Tait=Mark_Tait.jpg
Markus\ M\u00fcller\ (Superbrain)=Markus_Mueller.jpg
Markus\ M\u00fcller\ (Hayes)=Markus_Mueller.jpg
Markus\ M\u00fcller\ (Sidbusters)=Markus_Mueller.jpg
Markus\ M\u00fcller=Markus_Mueller.jpg
Markus\ Schneider=Markus_Schneider.jpg
Markus\ Schneider\ (Diflex)=Markus_Schneider.jpg
Markus\ Siebold\ (Ranger)=Markus_Siebold.jpg
Markus\ Siebold=Markus_Siebold.jpg
Markus\ Siebold\ (Sons\ of\ Sound)=Markus_Siebold.jpg
Markus\ Siebold\ (Vogue)=Markus_Siebold.jpg
Martijn\ Schutten\ (Junebug)=Martijn_Schutten.jpg
Martijn\ Schutten\ (Trazz)=Martijn_Schutten.jpg
Martijn\ Schutten=Martijn_Schutten.jpg
Martin\ Galway=Martin_Galway.jpg
Martin\ Walker=Martin_Walker.jpg
Martin\ Walker\ <?>=Martin_Walker.jpg
Daniel\ Hansson\ (Matrix)=Matrix.jpg
Matt\ Furniss=Matt_Furniss.jpg
Matthew\ Cannon=Matthew_Cannon.jpg
Matthias\ Henckell=Matthias_Henckell.jpg
Vanja\ Utne\ (Mermaid)=Mermaid.jpg
Torben\ Hansen\ (Metal)=Metal.jpg
Michael\ Detert\ (Takashi)=Michael_Detert.jpg
Michael\ Hendriks=Michael_Hendriks.jpg
Michael\ Hendriks\ (Brian)=Michael_Hendriks.jpg
Michael\ Winterberg=Michael_Winterberg.jpg
Michiel\ Soede=Michiel_Soede.jpg
Fredrik\ Hedvall\ (Mindflow)=Mindflow.jpg
Fredrik\ Hedvall\ (ODB)=Mini_Cat.jpg
Miron\ Schmidt=Miron_Schmidt.jpg
M.\ Nilsson-Vonderburgh\ (Yankee)=Mitch.jpg
M.\ Nilsson-Vonderburgh\ (Mitch)=Mitch.jpg
M.\ Nilsson-Vonderburgh\ (Mic)=Mitch.jpg
Jouni\ Ikonen\ (Mixer)=Mixer.jpg
Jouni\ Ikonen\ (Wild\ Finn)=Mixer.jpg
Robert\ Nilsson\ (Monopoly)=Monopoly.jpg
Sebastian\ Bachli\u00f1ski\ (Moog)=Moog.jpg
Sebastian\ Bachlinski\ (Moog)=Moog.jpg
Anders\ Elm\u00e9n\ (Moon)=Moon.jpg
Fredrik\ Segerfalk\ (Moppe)=Moppe.jpg
Fredrik\ Segerfalk=Moppe.jpg
Andreas\ Samuelsson\ (Mr.\ Death)=Mr_Death.jpg
Michael\ Zuurman\ (Mr.Mouse)=Mr_Mouse.jpg
Morten\ Kristensen\ (Accept)=MSK.jpg
Morten\ Kristensen\ (MSK)=MSK.jpg
Morten\ Kristensen\ (O'Neill)=MSK.jpg
Wolfgang\ Reszel\ (Nebula)=Nebula.jpg
Nick\ Scarim=Nicholas_Scarim.jpg
Anders\ Nilsson-Stig\ (Nizze)=Nizze.jpg
Kent\ Vald\u00e9n\ (Noise\ of\ SID)=Noice_of_SID.jpg
Marc\ van\ den\ Bovenkamp\ (No-XS)=No-XS.jpg
Marc\ van\ den\ Bovenkamp=No-XS.jpg
Vojta\ Nedved\ (Nooly)=Nula.jpg
Vojta\ Nedved\ (Nula)=Nula.jpg
\u00d8yvind\ Jergan\ (Outlaw)=Oeyvind_Jergan.jpg
\u00d8yvind\ Jergan=Oeyvind_Jergan.jpg
Olav\ M\u00f8rkrid=Olav_Moerkrid.jpg
Ole-Marius\ Pettersen=Ole-Marius_Pettersen.jpg
Oliver\ Kl\u00e4wer=Oliver_Klaewer.jpg
Oliver\ Klee\ (Odi)=Oliver_Klee.jpg
Oliver\ Mohr\ (Havoc)=Oliver_Mohr.jpg
Oliver\ Mohr\ (Zounds)=Oliver_Mohr.jpg
Marcin\ Olkowski\ (Olsen)=Olsen.jpg
Marcin\ Olkowski=Olsen.jpg
Stefan\ Uram\ (Orcan)=Orcan.jpg
Oskar\ T\u00f6rnros=Oskar_Toernros.jpg
Pablo\ Toledo=Pablo_Toledo.jpg
Paolo\ Galimberti=Paolo_Galimberti.jpg
Stephan\ Drost\ (Pater\ Pi)=Pater_Pi.jpg
Patrick\ Becher\ (Bug)=Patrick_Becher.jpg
Patrick\ Becher=Patrick_Becher.jpg
Patrick\ Peters=Patrick_Peters.jpg
Patrick\ Peters\ (Softmaster)=Patrick_Peters.jpg
Paul\ Hodgson=Paul_Hodgson.jpg
Paul\ Kubiszyn=Paul_Kubiszyn.jpg
Paul\ Norman=Paul_Norman.jpg
Paul\ Norman\ <?>=Paul_Norman.jpg
Petr\ Chlud\ (PCH)=PCH.jpg
Per\ Almered=Per_Almered.jpg
Per\ Bolmstedt\ (UL-Tomten)=Per_Bolmstedt.jpg
Peter\ Liepa=Peter_Liepa.jpg
Peter\ Sand\u00e9n\ (Panda)=Peter_Sanden.jpg
Peter\ Skutecki\ (Sebuko)=Peter_Skutecki.jpg
Per\ Fredrik\ Kvarme\ (Lorus)=PFK.jpg
Per\ Fredrik\ Kvarme\ (PFK)=PFK.jpg
Krzysztof\ Malczewski\ (Phobos)=Phobos.jpg
Kurt\ Woloch\ (Pinocchio)=Pinocchio.jpg
Pawel\ Soltysi\u00f1ski\ (Polonus)=Polonus.jpg
Wojciech\ Wardy\u00f1ski\ (Praiser)=Praiser.jpg
Volker\ Meitz\ (PRI)=PRI.jpg
Zdenek\ Eisenhammer(PseudoGrafx)=Pseudografx.jpg
Marcin\ Majdzik\ (Psycho8580)=Psycho.jpg
Marcin\ Majdzik\ (Psycho)=Psycho.jpg
Linus\ \u00c5kerlund\ (Puterman)=Puterman.jpg
Kai\ Walter\ (PVCF)=PVCF.jpg
Jakob\ Mellander\ (Quan)=Quan.jpg
Radek\ Andrzejewicz\ (Rabbi)=Rabbi.jpg
Radek\ Andrzejewicz=Rabbi.jpg
Rafal\ Szyja\ (Raf)=Raf.jpg
Anders\ Rodahl\ (Rage)=Rage.jpg
Jan\ D.\ Arent\ Harries\ (rambones)=Rambones.jpg
Ramiro\ Vaca\ (Extermer)=Ramiro_Vaca.jpg
Ramiro\ Vaca=Ramiro_Vaca.jpg
Mariusz\ Rozwadowski\ (Ramos)=Ramos.jpg
Tomasz\ Szymczak\ (Randy)=Randy.jpg
Marcus\ Andersson\ (Ratpoison)=Ratpoison.jpg
Marc\ Fischer\ (Ray)=Ray.jpg
Ray\ Soular=Ray_Soular.jpg
Patrick\ Zeh\ (Rayden)=Rayden.jpg
Jeroen\ Kimmel=Red.jpg
Jeroen\ Kimmel\ (Red)=Red.jpg
Emil\ Helldin\ (Red\ Devil)=Red_Devil.jpg
Jaakko\ Kaitaniemi\ (Reed)=Reed.jpg
Sven\ Appel\ (Remo)=Remo.jpg
Sven\ Appel=Remo.jpg
Ryan\ Weekes\ (Replay)=Replay.jpg
Reyn\ Ouwehand=Reyn_Ouwehand.jpg
Reyn\ Ouwehand\ /\ MoN=Reyn_Ouwehand.jpg
Richard\ Joseph=Richard_Joseph.jpg
Rob\ Hubbard=Rob_Hubbard.jpg
Rodney\ Balai=Rodney_Balai.jpg
Rodney\ Balai\ (Jungle\ Brother)=Rodney_Balai.jpg
Roger\ Duijckaerts\ (ReD)=Roger_Duijckaerts.jpg
Roger\ Duijckaerts=Roger_Duijckaerts.jpg
Ron\ van\ den\ Beuken=Ron_van_den_Beuken.jpg
Ronny\ Pasch=Ronny_Pasch.jpg
Ronny\ Pasch\ (Cody)=Ronny_Pasch.jpg
Stefan\ G\u00fclck\ (Rorschach)=Rorschach.jpg
Rudolf\ Stember=Rudolf_Stember.jpg
Rudolf\ Stember\ (Holy\ Grail)=Rudolf_Stember.jpg
Russell\ Lieblich=Russell_Lieblich.jpg
Russell\ Lieblich\ <?>=Russell_Lieblich.jpg
Ryo\ Kawasaki=Ryo_Kawasaki.jpg
David\ Cwik\ (Sad)=Sad.jpg
Dariusz\ Paliga\ (Sage)=Sage.jpg
Dariusz\ Paliga=Sage.jpg
Dariusz\ Paliga\ (Scottie)=Sage.jpg
Sascha\ Nagie\ (celticdesign)=Sascha_Nagie.jpg
Sascha\ Nagie\ (DJ3D)=Sascha_Nagie.jpg
Tomasz\ Pupiec\ (Scarlet)=Scarlet.jpg
Tomasz\ Pupiec\ (Toudi)=Scarlet.jpg
Carsten\ Berggreen\ (Scarzix)=Scarzix.jpg
Carsten\ Berggreen=Scarzix.jpg
Thomas\ Bendt\ (Scortia)=Scortia.jpg
Ruben\ Spaans\ (Scroll)=Scroll.jpg
Sean\ Connolly\ (Odie)=Sean_Connolly.jpg
Sean\ Connolly=Sean_Connolly.jpg
Neil\ Voss\ (Sequencer)=Sequencer.jpg
Kenneth\ Jonsson\ (Shade)=Shade.jpg
Tomasz\ Loga\ (Stiff)=Shapie.jpg
Tomasz\ Loga\ (Shapie)=Shapie.jpg
Shaun\ Southern=Shaun_Southern.jpg
Wojciech\ Radziejewski\ (Shogoon)=Shogoon.jpg
Wojtek\ Radziejewski=Shogoon.jpg
Jimmy\ Nielsen\ (Shogun)=Shogun.jpg
Sid\ Davis\ (Gerpsnot)=Sid_Davis.jpg
Sid\ Davis\ (Wsoft)=Sid_Davis.jpg
Marcin\ Romanowski\ (Sidder)=Sidder.jpg
Tom\ Roger\ Skauen\ (Sidewinder)=Sidewinder.jpg
Tom\ Roger\ Skauen=Sidewinder.jpg
Silas\ Warner=Silas_Warner.jpg
Silas\ S.\ Warner=Silas_Warner.jpg
Marcus\ Hinzmann\ (SilverFox)=Silver_Fox.jpg
Simon\ Nicol\ <?>=Simon_Nicol.jpg
Marc\ Fran\u00e7ois\ (Skywave)=Skywave.jpg
Marc\ Fran\u00e7ois=Skywave.jpg
Kenneth\ Mutka\ (Slaygon)=Slaygon.jpg
Jonas\ Thes\u00e9n\ (Sleipner)=Sleipner.jpg
Michal\ Hoffmann\ (Smalltown\ Boy)=Smalltown_Boy.jpg
Tufan\ Uysal\ (SoNiC)=SoNiC.jpg
Otto\ J\u00e4rvinen\ (SounDemoN)=SounDemoN.jpg
Roy\ Johan\ Widding\ (Crockett)=Space-Roy.jpg
Sphere=Sphere.jpg
Dariusz\ Rawa\ (Spike)=Spike.jpg
Stefan\ H\u00fcbner\ (St0fF)=St0fF.jpg
Joe\ Barwick\ (Stainless\ Steel)=Stainless_Steel.jpg
Stefan\ Hartwig=Stefan_Hartwig.jpg
Stefano\ Palmonari=Stefano_Palmonari.jpg
Stefano\ Palmonari\ (Dustbin)=Stefano_Palmonari.jpg
Stefano\ Tognon=Stefano_Tognon.jpg
Stein\ Pedersen=Stein_Pedersen.jpg
Stein\ Pedersen\ (Stone)=Stein_Pedersen.jpg
Stello\ Doussis=Stello_Doussis.jpg
Nata=Stephan_Parth.jpg
Bamu=Stephan_Parth.jpg
Stephan\ Schmid=Stephan_Schmid.jpg
Steve\ Barrett=Steve_Barrett.jpg
Steve\ Barrett\ (The\ Eggman)=Steve_Barrett.jpg
Steve\ Rowlands=Steve_Rowlands.jpg
Steven\ Diemer\ (A-Man)=Steven_Diemer.jpg
Steven\ Diemer=Steven_Diemer.jpg
Przemek\ Mroczkowski\ (Surgeon)=Surgeon.jpg
Przemek\ Mroczkowski\ (Mruk)=Surgeon.jpg
Alexander\ Ney\ (B.L.A.)=Taxim.jpg
Alexander\ Ney\ (Taxim)=Taxim.jpg
Tero\ Hilpinen\ (TBB)=TBB.jpg
Hans\ Axelsson\ (TDM)=TDM.jpg
Trond\ Jensen\ (TDS)=TDS.jpg
Janne\ Suni\ (Tempest)=Tempest.jpg
Lars\ Hutzelmann(The\ Blue\ Ninja)=The_Blue_Ninja.jpg
Emile\ van\ den\ Akker\ (The\ Gee)=The_Gee.jpg
Matthias\ Hartung\ (The\ Syndrom)=The_Syndrom.jpg
Matthias\ Hartung=The_Syndrom.jpg
Martin\ Wittershagen\ (TUC)=The_Unknown_Cracker.jpg
Martin\ Wittershagen\ (TUM)=The_Unknown_Cracker.jpg
Thomas\ Detert=Thomas_Detert.jpg
Thomas\ Detert\ (B.U.C.K)=Thomas_Detert.jpg
Thomas\ Detert\ (Stephen\ Taylor)=Thomas_Detert.jpg
Thomas\ Koncina\ &\ Thorsten\ Koytk=Thomas_Koncina.jpg
Tuomas\ Rantala\ (Thor)=Thor.jpg
Tuomas\ Rantala\ (Trurl)=Thor.jpg
Tim\ Follin=Tim_Follin.jpg
Timur\ Baysal\ (T.C.)=Timur_Baysal.jpg
Timur\ Baysal\ (Taron)=Timur_Baysal.jpg
Alexander\ Joscht\ (TMG)=TMG.jpg
Jason\ Kelk=TMR.jpg
Jason\ Kelk\ (T.M.R)=TMR.jpg
Jason\ Kelk\ (TMR)=TMR.jpg
Torbj\u00f6rn\ H\u00e4rje=Tobias_Haerje.jpg
Gareth\ Dolloway\ (Tonka)=Tonka.jpg
Rastislav\ Smutn\u00fd\ (Top\ Secret)=Top_Secret.jpg
Wojciech\ Wojtkiewicz\ (Tracker)=Tracker.jpg
Manuel\ M\u00fcller\ (Rayne)=Trance.jpg
Manuel\ M\u00fcller\ (CJ\ Rayne)=Trance.jpg
Manuel\ M\u00fcller\ (Neve)=Trance.jpg
Manuel\ M\u00fcller\ (Trance)=Trance.jpg
Adam\ Dunkels\ (Trident)=Trident.jpg
Mikael\ Backlund\ (Twoflower)=Twoflower.jpg
Ulf\ H\u00e4rnhammar\ (Unifier)=Unifier.jpg
Vincent\ Voois=Vincent_Voois.jpg
Vincent\ Voois\ (LNO)=Vincent_Voois.jpg
L\u00e1szl\u00f3\ Vincze\ (Vincenzo)=Vincenzo.jpg
Vincent\ Merken\ (Vip)=Vip.jpg
Vincent\ Merken\ (_V_)=Vip.jpg
Adam\ Waclawski\ (Wacek)=Wacek.jpg
Adam\ Waclawski=Wacek.jpg
Anders\ Fogh\ (Walt)=Walt.jpg
Warren\ Pilkington\ (Waz)=Waz.jpg
Warren\ Pilkington=Waz.jpg
Anders\ Bloch\ (Welli)=Welli.jpg
Bart\ Meeuwissen\ (White)=White.jpg
Huseyin\ Kilic\ (Wisdom)=Wisdom.jpg
Stefan\ Woltran\ (Wuiti)=Wuiti.jpg
Stefan\ Woltran=Wuiti.jpg
Giuseppe\ Musardo\ (Xayne)=Xayne.jpg
Carl\ Gustaf\ Liebe\ (Yaemon)=Yaemon.jpg
Yaemon\ (Carl\ Gustaf\ Liebe)=Yaemon.jpg
Carl\ Gustaf\ Liebe=Yaemon.jpg
Marvin\ Severijns\ (Yavin)=Yavin.jpg
Marvin\ Severijns\ (Trooper)=Yavin.jpg
Jori\ Olkkonen=Yip.jpg
Jori\ Olkkonen\ (Yip)=Yip.jpg
Jori\ Olkkonen\ (Jip)=Yip.jpg
Michel\ de\ Bree\ (Mad\ B)=Youth.jpg
Michel\ de\ Bree\ (youtH)=Youth.jpg
Bj\u00f6rn\ Stenberg\ (Zagor)=Zagor.jpg
Ari-Pekka\ Paljakka\ (Zardax)=Zardax.jpg
Ray&Markos\ Themelidis\ (Zeldin)=Zeldin.jpg
S\u00f8ren\ Bovbjerg\ (Zeus)=Zeus.jpg
L\u00e1szl\u00f3\ Moln\u00e1r\ (Zeux)=Zeux.jpg
Zolt\u00e1n\ Mericske=Zoltan_Mericske.jpg
Anders\ \u00d8land\ (Zonix)=Zonix.jpg
Johan\ \u00c5strand\ (Zyron)=Zyron.jpg
Tobias\ Svensson\ (Zzap69)=Zzap69.jpg
Tobias\ Svensson=Zzap69.jpg
