/MUSICIANS/0-9/20CC/Paul_Falco=MUSICIANS/0-9/20CC/Paul_Falco/musicians_0-9_20cc_paul_falco.jpg
/MUSICIANS/0-9/20CC/van_Santen_Edwin=MUSICIANS/0-9/20CC/van_Santen_Edwin/musicians_0-9_20cc_van_santen_edwin.jpg
/MUSICIANS/0-9/4-Mat=MUSICIANS/0-9/4-Mat/musicians_0-9_4-mat.jpg
/MUSICIANS/0-9/505=MUSICIANS/0-9/505/musicians_0-9_505.jpg
/MUSICIANS/A/Abaddon=MUSICIANS/A/Abaddon/musicians_a_abaddon.jpg
/MUSICIANS/A/Abbing_Frank=MUSICIANS/A/Abbing_Frank/musicians_a_abbing_frank.jpg
/MUSICIANS/A/Abbott_Chris=MUSICIANS/A/Abbott_Chris/musicians_a_abbott_chris.jpg
/MUSICIANS/A/AceMan=MUSICIANS/A/AceMan/musicians_a_aceman.jpg
/MUSICIANS/A/Acrouzet=MUSICIANS/A/Acrouzet/musicians_a_acrouzet.jpg
/MUSICIANS/A/Ademar_Fredrik=MUSICIANS/A/Ademar_Fredrik/musicians_a_ademar_fredrik.jpg
/MUSICIANS/A/Aegis=MUSICIANS/A/Aegis/musicians_a_aegis.jpg
/MUSICIANS/A/AEG=MUSICIANS/A/AEG/musicians_a_aeg.jpg
/MUSICIANS/A/Agemixer=MUSICIANS/A/Agemixer/musicians_a_agemixer.jpg
/MUSICIANS/A/Ajitek=MUSICIANS/A/Ajitek/musicians_a_ajitek.jpg
/MUSICIANS/A/Alfatech=MUSICIANS/A/Alfatech/musicians_a_alfatech.jpg
/MUSICIANS/A/Alien_WOW=MUSICIANS/A/Alien_WOW/musicians_a_alien_wow.jpg
/MUSICIANS/A/Almered_Per=MUSICIANS/A/Almered_Per/musicians_a_almered_per.jpg
/MUSICIANS/A/Amadeus_Meka_Design=MUSICIANS/A/Amadeus_Meka_Design/musicians_a_amadeus_meka_design.jpg
/MUSICIANS/A/Amadeus_Slash_Design=MUSICIANS/A/Amadeus_Slash_Design/musicians_a_amadeus_slash_design.jpg
/MUSICIANS/A/A-Man=MUSICIANS/A/A-Man/musicians_a_a-man.jpg
/MUSICIANS/A/AMB=MUSICIANS/A/AMB/musicians_a_amb.jpg
/MUSICIANS/A/AMJ=MUSICIANS/A/AMJ/musicians_a_amj.jpg
/MUSICIANS/A/Andy=MUSICIANS/A/Andy/musicians_a_andy.jpg
/MUSICIANS/A/Aomeba=MUSICIANS/A/Aomeba/musicians_a_aomeba.jpg
/MUSICIANS/A/Apollo=MUSICIANS/A/Apollo/musicians_a_apollyon.jpg
/MUSICIANS/A/Archmage=MUSICIANS/A/Archmage/musicians_a_archmage.jpg
/MUSICIANS/A/Arne=MUSICIANS/A/Arne/musicians_a_arne.jpg
/MUSICIANS/A/Arnold_Kenneth=MUSICIANS/A/Arnold_Kenneth/musicians_a_arnold_kenneth.jpg
/MUSICIANS/A/Arthur=MUSICIANS/A/Arthur/musicians_a_arthur.jpg
/MUSICIANS/A/Artlace=MUSICIANS/A/Artlace/musicians_a_artlace.jpg
/MUSICIANS/A/Ash_9=MUSICIANS/A/Ash_9/musicians_a_ash_9.jpg
/MUSICIANS/A/Astudillo_Cesar=MUSICIANS/A/Astudillo_Cesar/musicians_a_astudillo_cesar.jpg
/MUSICIANS/A/Atomcode=MUSICIANS/A/Atomcode/musicians_a_atomcode.jpg
/MUSICIANS/A/ATOO=MUSICIANS/A/ATOO/musicians_a_atoo.jpg
/MUSICIANS/A/Audial_Arts=MUSICIANS/A/Audial_Arts/musicians_a_audial_arts.jpg
/MUSICIANS/A/Avalon=MUSICIANS/A/Avalon/musicians_a_avalon.jpg
/MUSICIANS/A/Avory_Sarah_Jane=MUSICIANS/A/Avory_Sarah_Jane/musicians_a_avory_sarah_jane.jpg
/MUSICIANS/A/Axl=MUSICIANS/A/Axl/musicians_a_axl.jpg
/MUSICIANS/B/B0rje=MUSICIANS/B/B0rje/musicians_b_b0rje.jpg
/MUSICIANS/B/Bakewell_Dwayne=MUSICIANS/B/Bakewell_Dwayne/musicians_b_bakewell_dwayne.jpg
/MUSICIANS/B/Bak_Steve=MUSICIANS/B/Bak_Steve/musicians_b_bak_steve.jpg
/MUSICIANS/B/Baldwin_Neil=MUSICIANS/B/Baldwin_Neil/musicians_b_baldwin_neil.jpg
/MUSICIANS/B/Banana=MUSICIANS/B/Banana/musicians_b_banana.jpg
/MUSICIANS/B/Barracuda=MUSICIANS/B/Barracuda/musicians_b_barracuda.jpg
/MUSICIANS/B/Barrett_Steve=MUSICIANS/B/Barrett_Steve/musicians_b_barrett_steve.jpg
/MUSICIANS/B/Batsman=MUSICIANS/B/Batsman/musicians_b_batsman.jpg
/MUSICIANS/B/Bayliss_Richard=MUSICIANS/B/Bayliss_Richard/musicians_b_bayliss_richard.jpg
/MUSICIANS/B/Beat_Machine=MUSICIANS/B/Beat_Machine/musicians_b_beat_machine.jpg
/MUSICIANS/B/Beben_Wally=MUSICIANS/B/Beben_Wally/musicians_b_beben_wally.jpg
/MUSICIANS/B/Becher_Patrick=MUSICIANS/B/Becher_Patrick/musicians_b_becher_patrick.jpg
/MUSICIANS/B/Behdad_Arman=MUSICIANS/B/Behdad_Arman/musicians_b_behdad_arman.jpg
/MUSICIANS/B/Bergmann_Christoph=MUSICIANS/B/Bergmann_Christoph/musicians_b_bergmann_christoph.jpg
/MUSICIANS/B/Biasillo_Gary=MUSICIANS/B/Biasillo_Gary/musicians_b_biasillo_gary.jpg
/MUSICIANS/B/Bionic_Hands=MUSICIANS/B/Bionic_Hands/musicians_b_bionic_hands.jpg
/MUSICIANS/B/Bjerregaard_Johannes=MUSICIANS/B/Bjerregaard_Johannes/musicians_b_bjerregaard_johannes.jpg
/MUSICIANS/B/Blom_Fredrik=MUSICIANS/B/Blom_Fredrik/musicians_b_blom_fredrik.jpg
/MUSICIANS/B/Blues_Muz/Gallefoss_Glenn=MUSICIANS/B/Blues_Muz/Gallefoss_Glenn/musicians_b_blues_muz_gallefoss_glenn.jpg
/MUSICIANS/B/Blues_Muz=MUSICIANS/B/Blues_Muz/musicians_b_blues_muz.jpg
/MUSICIANS/B/Blues_Muz/Nordboe_Kjell=MUSICIANS/B/Blues_Muz/Nordboe_Kjell/musicians_b_blues_muz_nordboe_kjell.jpg
/MUSICIANS/B/Blues_Muz/Roestoeen_Kristian=MUSICIANS/B/Blues_Muz/Roestoeen_Kristian/musicians_b_blues_muz_roestoeen_kristian.jpg
/MUSICIANS/B/Blues_Muz/Sommersten_Eivind=MUSICIANS/B/Blues_Muz/Sommersten_Eivind/musicians_b_blues_muz_sommersten_eivind.jpg
/MUSICIANS/B/Bochar_Wolfgang=MUSICIANS/B/Bochar_Wolfgang/musicians_b_bochar_wolfgang.jpg
/MUSICIANS/B/Bogas_Ed=MUSICIANS/B/Bogas_Ed/musicians_b_bogas_ed.jpg
/MUSICIANS/B/BOGG=MUSICIANS/B/BOGG/musicians_b_bogg.jpg
/MUSICIANS/B/Boles_Howard=MUSICIANS/B/Boles_Howard/musicians_b_boles_howard.jpg
/MUSICIANS/B/Boogaloo=MUSICIANS/B/Boogaloo/musicians_b_boogaloo.jpg
/MUSICIANS/B/Booker=MUSICIANS/B/Booker/musicians_b_booker.jpg
/MUSICIANS/B/Boray=MUSICIANS/B/Boray/musicians_b_boray.jpg
/MUSICIANS/B/Bordeaux=MUSICIANS/B/Bordeaux/musicians_b_bordeaux.jpg
/MUSICIANS/B/Brandon_Walsh=MUSICIANS/B/Brandon_Walsh/musicians_b_brandon_walsh.jpg
/MUSICIANS/B/Brandt_Georg=MUSICIANS/B/Brandt_Georg/musicians_b_brandt_georg.jpg
/MUSICIANS/B/Brennan_Neil=MUSICIANS/B/Brennan_Neil/musicians_b_brennan_neil.jpg
/MUSICIANS/B/Brimble_Allister=MUSICIANS/B/Brimble_Allister/musicians_b_brimble_allister.jpg
/MUSICIANS/B/Britelite=MUSICIANS/B/Britelite/musicians_b_britelite.jpg
/MUSICIANS/B/Brooke_Jason=MUSICIANS/B/Brooke_Jason/musicians_b_brooke_jason.jpg
/MUSICIANS/B/Buddha=MUSICIANS/B/Buddha/musicians_b_buddha.jpg
/MUSICIANS/B/Butterfield_Jim=MUSICIANS/B/Butterfield_Jim/musicians_b_butterfield_jim.jpg
/MUSICIANS/B/Bzyk=MUSICIANS/B/Bzyk/musicians_b_bzyk.jpg
/MUSICIANS/C/C0zmo=MUSICIANS/C/C0zmo/musicians_c_c0zmo.jpg
/MUSICIANS/C/Cadaver=MUSICIANS/C/Cadaver/musicians_c_cadaver.jpg
/MUSICIANS/C/Callet_Charles=MUSICIANS/C/Callet_Charles/musicians_c_callet_charles.jpg
/MUSICIANS/C/Cannon_Matthew=MUSICIANS/C/Cannon_Matthew/musicians_c_cannon_matthew.jpg
/MUSICIANS/C/Castor=MUSICIANS/C/Castor/musicians_c_castor.jpg
/MUSICIANS/C/Cerix=MUSICIANS/C/Cerix/musicians_c_cerix.jpg
/MUSICIANS/C/Cerror=MUSICIANS/C/Cerror/musicians_c_cerror.jpg
/MUSICIANS/C/Chabee=MUSICIANS/C/Chabee/musicians_c_chabee.jpg
/MUSICIANS/C/Chapelier=MUSICIANS/C/Chapelier/musicians_c_chapelier.jpg
/MUSICIANS/C/Chiummo_Aldo=MUSICIANS/C/Chiummo_Aldo/musicians_c_chiummo_aldo.jpg
/MUSICIANS/C/Chiummo_Gaetano=MUSICIANS/C/Chiummo_Gaetano/musicians_c_chiummo_gaetano.jpg
/MUSICIANS/C/Chock=MUSICIANS/C/Chock/musicians_c_chock.jpg
/MUSICIANS/C/Chotaire=MUSICIANS/C/Chotaire/musicians_c_chotaire.jpg
/MUSICIANS/C/Ciaran=MUSICIANS/C/Ciaran/musicians_c_ciaran.jpg
/MUSICIANS/C/Clarke_Peter=MUSICIANS/C/Clarke_Peter/musicians_c_clarke_peter.jpg
/MUSICIANS/C/Clements_Mark=MUSICIANS/C/Clements_Mark/musicians_c_clements_mark.jpg
/MUSICIANS/C/Cleve=MUSICIANS/C/Cleve/musicians_c_cleve.jpg
/MUSICIANS/C/Clever_Music=MUSICIANS/C/Clever_Music/musicians_c_clever_music.jpg
/MUSICIANS/C/Codehead=MUSICIANS/C/Codehead/musicians_c_codehead.jpg
/MUSICIANS/C/Codex=MUSICIANS/C/Codex/musicians_c_codex.jpg
/MUSICIANS/C/Coelus_Bart=MUSICIANS/C/Coelus_Bart/musicians_c_coelus_bart.jpg
/MUSICIANS/C/Colin_Andrew=MUSICIANS/C/Colin_Andrew/musicians_c_colin_andrew.jpg
/MUSICIANS/C/Comer=MUSICIANS/C/Comer/musicians_c_comer.jpg
/MUSICIANS/C/Compod=MUSICIANS/C/Compod/musicians_c_compod.jpg
/MUSICIANS/C/Connolly_Sean=MUSICIANS/C/Connolly_Sean/musicians_c_connolly_sean.jpg
/MUSICIANS/C/Cooksey_Mark=MUSICIANS/C/Cooksey_Mark/musicians_c_cooksey_mark.jpg
/MUSICIANS/C/Corpsicle=MUSICIANS/C/Corpsicle/musicians_c_corpsicle.jpg
/MUSICIANS/C/Cosowi=MUSICIANS/C/Cosowi/musicians_c_cosowi.jpg
/MUSICIANS/C/Crabtree_Ian=MUSICIANS/C/Crabtree_Ian/musicians_c_crabtree_ian.jpg
/MUSICIANS/C/Cranksy=MUSICIANS/C/Cranksy/musicians_c_cranksy.jpg
/MUSICIANS/C/CreaMD=MUSICIANS/C/CreaMD/musicians_c_creamd.jpg
/MUSICIANS/C/Crome=MUSICIANS/C/Crome/musicians_c_crome.jpg
/MUSICIANS/C/Cross_Saul=MUSICIANS/C/Cross_Saul/musicians_c_cross_saul.jpg
/MUSICIANS/C/Crowley_Owen=MUSICIANS/C/Crowley_Owen/musicians_c_crowley_owen.jpg
/MUSICIANS/C/Crowther_Antony=MUSICIANS/C/Crowther_Antony/musicians_c_crowther_antony.jpg
/MUSICIANS/C/Cube=MUSICIANS/C/Cube/musicians_c_cube.jpg
/MUSICIANS/C/Cuomo_Jim=MUSICIANS/C/Cuomo_Jim/musicians_c_cuomo_jim.jpg
/MUSICIANS/C/Curt_Cool=MUSICIANS/C/Curt_Cool/musicians_c_curt_cool.jpg
/MUSICIANS/C/Cyberbrain=MUSICIANS/C/Cyberbrain/musicians_c_cyberbrain.jpg
/MUSICIANS/C/Cyborgjeff=MUSICIANS/C/Cyborgjeff/musicians_c_cyborgjeff.jpg
/MUSICIANS/C/Cycleburner=MUSICIANS/C/Cycleburner/musicians_c_cycleburner.jpg
/MUSICIANS/J/Jojeli=MUSICIANS/J/Jojeli/musicians_j_jojeli.jpg
/MUSICIANS/D/Da_Blondie=MUSICIANS/D/Da_Blondie/musicians_d_da_blondie.jpg
/MUSICIANS/D/DaFunk=MUSICIANS/D/DaFunk/musicians_d_dafunk.jpg
/MUSICIANS/D/Daglish_Ben=MUSICIANS/D/Daglish_Ben/musicians_d_daglish_ben.jpg
/MUSICIANS/D/Dalezy=MUSICIANS/D/Dalezy/musicians_d_dalezy.jpg
/MUSICIANS/D/DAM=MUSICIANS/D/DAM/musicians_d_dam.jpg
/MUSICIANS/D/Danko_Tomas=MUSICIANS/D/Danko_Tomas/musicians_d_danko_tomas.jpg
/MUSICIANS/D/Da_Phuture_Kemist=MUSICIANS/D/Da_Phuture_Kemist/musicians_d_da_phuture_kemist.jpg
/MUSICIANS/D/Data=MUSICIANS/D/Data/musicians_d_data.jpg
/MUSICIANS/D/Dave_Oxyron=MUSICIANS/D/Dave_Oxyron/musicians_d_dave_oxyron.jpg
/MUSICIANS/D/Davies_Colin=MUSICIANS/D/Davies_Colin/musicians_d_davies_colin.jpg
/MUSICIANS/D/Daw=MUSICIANS/D/Daw/musicians_d_daw.jpg
/MUSICIANS/D/Deadman=MUSICIANS/D/Deadman/musicians_d_deadman.jpg
/MUSICIANS/D/Deathangels_Shadow=MUSICIANS/D/Deathangels_Shadow/musicians_d_deathangels_shadow.jpg
/MUSICIANS/D/Decoder=MUSICIANS/D/Decoder/musicians_d_decoder.jpg
/MUSICIANS/D/Deek=MUSICIANS/D/Deek/musicians_d_deek.jpg
/MUSICIANS/D/Deenen_Charles=MUSICIANS/D/Deenen_Charles/musicians_d_deenen_charles.jpg
/MUSICIANS/D/Deetsay=MUSICIANS/D/Deetsay/musicians_d_deetsay.jpg
/MUSICIANS/D/de_Hoog_Elton=MUSICIANS/D/de_Hoog_Elton/musicians_d_de_hoog_elton.jpg
/MUSICIANS/D/Del_Duca_Ivan=MUSICIANS/D/Del_Duca_Ivan/musicians_d_del_duca_ivan.jpg
/MUSICIANS/D/Del_Priore_Fabian=MUSICIANS/D/Del_Priore_Fabian/musicians_d_del_priore_fabian.jpg
/MUSICIANS/D/DeMeo_Alex=MUSICIANS/D/DeMeo_Alex/musicians_d_demeo_alex.jpg
/MUSICIANS/D/Derrett_Jay=MUSICIANS/D/Derrett_Jay/musicians_d_derrett_jay.jpg
/MUSICIANS/D/Detert_Michael=MUSICIANS/D/Detert_Michael/musicians_d_detert_michael.jpg
/MUSICIANS/D/Detert_Thomas=MUSICIANS/D/Detert_Thomas/musicians_d_detert_thomas.jpg
/MUSICIANS/D/Devia=MUSICIANS/D/Devia/musicians_d_devia.jpg
/MUSICIANS/D/Devilock=MUSICIANS/D/Devilock/musicians_d_devilock.jpg
/MUSICIANS/D/Dex-D=MUSICIANS/D/Dex-D/musicians_d_dex-d.jpg
/MUSICIANS/D/Digger=MUSICIANS/D/Digger/musicians_d_digger.jpg
/MUSICIANS/D/Divertigo=MUSICIANS/D/Divertigo/musicians_d_divertigo.jpg
/MUSICIANS/D/DJ_Gruby=MUSICIANS/D/DJ_Gruby/musicians_d_dj_gruby.jpg
/MUSICIANS/D/Djinn=MUSICIANS/D/Djinn/musicians_d_djinn.jpg
/MUSICIANS/D/Dlx=MUSICIANS/D/Dlx/musicians_d_dlx.jpg
/MUSICIANS/D/Dobek_Eric=MUSICIANS/D/Dobek_Eric/musicians_d_dobek_eric.jpg
/MUSICIANS/D/Doh=MUSICIANS/D/Doh/musicians_d_doh.jpg
/MUSICIANS/D/Dokken=MUSICIANS/D/Dokken/musicians_d_dokken.jpg
/MUSICIANS/D/DommoCORE64=MUSICIANS/D/DommoCORE64/musicians_d_dommocore64.jpg
/MUSICIANS/D/Donovan=MUSICIANS/D/Donovan/musicians_d_donovan.jpg
/MUSICIANS/D/Dooshek=MUSICIANS/D/Dooshek/musicians_d_dooshek.jpg
/MUSICIANS/D/Double_Jonas=MUSICIANS/D/Double_Jonas/musicians_d_double_jonas.jpg
/MUSICIANS/D/Doussis_Stello=MUSICIANS/D/Doussis_Stello/musicians_d_doussis_stello.jpg
/MUSICIANS/D/Doxx=MUSICIANS/D/Doxx/musicians_d_doxx.jpg
/MUSICIANS/D/Dragin_Douglas=MUSICIANS/D/Dragin_Douglas/musicians_d_dragin_douglas.jpg
/MUSICIANS/D/Drake=MUSICIANS/D/Drake/musicians_d_drake.jpg
/MUSICIANS/D/DRAX=MUSICIANS/D/DRAX/musicians_d_drax.jpg
/MUSICIANS/D/Dr_Coldcut=MUSICIANS/D/Dr_Coldcut/musicians_d_dr_coldcut.jpg
/MUSICIANS/D/Dr_J=MUSICIANS/D/Dr_J/musicians_d_dr_j.jpg
/MUSICIANS/D/Dr_Terrorz=MUSICIANS/D/Dr_Terrorz/musicians_d_dr_terrorz.jpg
/MUSICIANS/D/Drumtex=MUSICIANS/D/Drumtex/musicians_d_drumtex.jpg
/MUSICIANS/D/Dr_Voice=MUSICIANS/D/Dr_Voice/musicians_d_dr_voice.jpg
/MUSICIANS/D/Dr_Zoom=MUSICIANS/D/Dr_Zoom/musicians_d_dr_zoom.jpg
/MUSICIANS/D/Duck-hunter=MUSICIANS/D/Duck-hunter/musicians_d_duck-hunter.jpg
/MUSICIANS/D/Duck_LaRock=MUSICIANS/D/Duck_LaRock/musicians_d_duck_larock.jpg
/MUSICIANS/D/Dunbar_Tommy=MUSICIANS/D/Dunbar_Tommy/musicians_d_dunbar_tommy.jpg
/MUSICIANS/D/Dunn_David=MUSICIANS/D/Dunn_David/musicians_d_dunn_david.jpg
/MUSICIANS/D/Dunn_Jonathan=MUSICIANS/D/Dunn_Jonathan/musicians_d_dunn_jonathan.jpg
/MUSICIANS/E/Ed=MUSICIANS/E/Ed/musicians_e_ed.jpg
/MUSICIANS/E/Eeben_Aleksi=MUSICIANS/E/Eeben_Aleksi/musicians_e_eeben_aleksi.jpg
/MUSICIANS/E/ELA=MUSICIANS/E/ELA/musicians_e_ela.jpg
/MUSICIANS/E/Electronic_Speech_Systems=MUSICIANS/E/Electronic_Speech_Systems/musicians_e_electronic_speech_systems.jpg
/MUSICIANS/E/Emarti=MUSICIANS/E/Emarti/musicians_e_emarti.jpg
/MUSICIANS/E/Esprit=MUSICIANS/E/Esprit/musicians_e_esprit.jpg
/MUSICIANS/E/Exile=MUSICIANS/E/Exile/musicians_e_exile.jpg
/MUSICIANS/F/F3R0=MUSICIANS/F/F3R0/musicians_f_f3r0.jpg
/MUSICIANS/F/F7sus4=MUSICIANS/F/F7sus4/musicians_f_f7sus4.jpg
/MUSICIANS/F/Factor6=MUSICIANS/F/Factor6/musicians_f_factor6.jpg
/MUSICIANS/F/FAME=MUSICIANS/F/FAME/musicians_f_fame.jpg
/MUSICIANS/F/Fanta=MUSICIANS/F/Fanta/musicians_f_fanta.jpg
/MUSICIANS/F/Fate=MUSICIANS/F/Fate/musicians_f_fate.jpg
/MUSICIANS/F/FatFrost=MUSICIANS/F/FatFrost/musicians_f_fatfrost.jpg
/MUSICIANS/F/FCS=MUSICIANS/F/FCS/musicians_f_fcs.jpg
/MUSICIANS/F/Feekzoid=MUSICIANS/F/Feekzoid/musicians_f_feekzoid.jpg
/MUSICIANS/F/Fegolhuzz=MUSICIANS/F/Fegolhuzz/musicians_f_fegolhuzz.jpg
/MUSICIANS/F/Feil_Georg=MUSICIANS/F/Feil_Georg/musicians_f_feil_georg.jpg
/MUSICIANS/F/Feiweier_Goesta=MUSICIANS/F/Feiweier_Goesta/musicians_f_feiweier_goesta.jpg
/MUSICIANS/F/Ferrara=MUSICIANS/F/Ferrara/musicians_f_ferrara.jpg
/MUSICIANS/F/FieserWolF=MUSICIANS/F/FieserWolF/musicians_f_fieserwolf.jpg
/MUSICIANS/F/Finkel_Andy=MUSICIANS/F/Finkel_Andy/musicians_f_finkel_andy.jpg
/MUSICIANS/F/Finn=MUSICIANS/F/Finn/musicians_f_finn.jpg
/MUSICIANS/F/Firebee=MUSICIANS/F/Firebee/musicians_f_firebee.jpg
/MUSICIANS/F/Flea=MUSICIANS/F/Flea/musicians_f_flea.jpg
/MUSICIANS/F/Flipside=MUSICIANS/F/Flipside/musicians_f_flipside.jpg
/MUSICIANS/F/Flotsam=MUSICIANS/F/Flotsam/musicians_f_flotsam.jpg
/MUSICIANS/F/Floyd=MUSICIANS/F/Floyd/musicians_f_floyd.jpg
/MUSICIANS/F/Follin_Geoff=MUSICIANS/F/Follin_Geoff/musicians_f_follin_geoff.jpg
/MUSICIANS/F/Follin_Tim=MUSICIANS/F/Follin_Tim/musicians_f_follin_tim.jpg
/MUSICIANS/F/Foreman_Gary=MUSICIANS/F/Foreman_Gary/musicians_f_foreman_gary.jpg
/MUSICIANS/F/Fredrik=MUSICIANS/F/Fredrik/musicians_f_fredrik.jpg
/MUSICIANS/F/Freeze=MUSICIANS/F/Freeze/musicians_f_freeze.jpg
/MUSICIANS/F/Froyd=MUSICIANS/F/Froyd/musicians_f_froyd.jpg
/MUSICIANS/F/Fulton_Douglas=MUSICIANS/F/Fulton_Douglas/musicians_f_fulton_douglas.jpg
/MUSICIANS/F/Fun_Fun=MUSICIANS/F/Fun_Fun/musicians_f_fun_fun.jpg
/MUSICIANS/F/Furniss_Matt=MUSICIANS/F/Furniss_Matt/musicians_f_furniss_matt.jpg
/MUSICIANS/F/Future_Freak=MUSICIANS/F/Future_Freak/musicians_f_future_freak.jpg
/MUSICIANS/G/Galancy=MUSICIANS/G/Galancy/musicians_g_galancy.jpg
/MUSICIANS/G/Galimberti_Paolo=MUSICIANS/G/Galimberti_Paolo/musicians_g_galimberti_paolo.jpg
/MUSICIANS/G/Galleon=MUSICIANS/G/Galleon/musicians_g_galleon.jpg
/MUSICIANS/G/Galway_Martin=MUSICIANS/G/Galway_Martin/musicians_g_galway_martin.jpg
/MUSICIANS/G/Gantar_Peter=MUSICIANS/G/Gantar_Peter/musicians_g_gantar_peter.jpg
/MUSICIANS/G/Gargaj=MUSICIANS/G/Gargaj/musicians_g_gargaj.jpg
/MUSICIANS/G/Garvalf=MUSICIANS/G/Garvalf/musicians_g_garvalf.jpg
/MUSICIANS/G/Gaspar_Gabor=MUSICIANS/G/Gaspar_Gabor/musicians_g_gaspar_gabor.jpg
/MUSICIANS/G/Gazza=MUSICIANS/G/Gazza/musicians_g_gazza.jpg
/MUSICIANS/G/Gehrmann_Holger=MUSICIANS/G/Gehrmann_Holger/musicians_g_gehrmann_holger.jpg
/MUSICIANS/G/Gero=MUSICIANS/G/Gero/musicians_g_gero.jpg
/MUSICIANS/G/Gerpsnot=MUSICIANS/G/Gerpsnot/musicians_g_gerpsnot.jpg
/MUSICIANS/G/G-Fellow=MUSICIANS/G/G-Fellow/musicians_g_g-fellow.jpg
/MUSICIANS/G/Ghetto_boy=MUSICIANS/G/Ghetto_boy/musicians_g_ghetto_boy.jpg
/MUSICIANS/G/Gibson_Tony=MUSICIANS/G/Gibson_Tony/musicians_g_gibson_tony.jpg
/MUSICIANS/G/Gillgrass_Dan=MUSICIANS/G/Gillgrass_Dan/musicians_g_gillgrass_dan.jpg
/MUSICIANS/G/Gilmore_Adam=MUSICIANS/G/Gilmore_Adam/musicians_g_gilmore_adam.jpg
/MUSICIANS/G/Glafouk=MUSICIANS/G/Glafouk/musicians_g_glafouk.jpg
/MUSICIANS/G/Glafouk=MUSICIANS/G/Glafouk/musicians_g_glover.jpg
/MUSICIANS/G/Goerp=MUSICIANS/G/Goerp/musicians_g_goerp.jpg
/MUSICIANS/G/Gomez=MUSICIANS/G/Gomez/musicians_g_gomez.jpg
/MUSICIANS/G/Goto80=MUSICIANS/G/Goto80/musicians_g_goto80.jpg
/MUSICIANS/G/Gotoandplay=MUSICIANS/G/Gotoandplay/musicians_g_gotoandplay.jpg
/MUSICIANS/G/Gray_Fred=MUSICIANS/G/Gray_Fred/musicians_g_gray_fred.jpg
/MUSICIANS/G/Gray_Matt=MUSICIANS/G/Gray_Matt/musicians_g_gray_matt.jpg
/MUSICIANS/G/Greg=MUSICIANS/G/Greg/musicians_g_greg.jpg
/MUSICIANS/G/Grieve_Nigel=MUSICIANS/G/Grieve_Nigel/musicians_g_grieve_nigel.jpg
/MUSICIANS/G/Griff=MUSICIANS/G/Griff/musicians_g_griff.jpg
/MUSICIANS/G/Grigg_Chris=MUSICIANS/G/Grigg_Chris/musicians_g_grigg_chris.jpg
/MUSICIANS/G/Groepaz=MUSICIANS/G/Groepaz/musicians_g_groepaz.jpg
/MUSICIANS/G/Groms=MUSICIANS/G/Groms/musicians_g_groms.jpg
/MUSICIANS/H/Hancock_John=MUSICIANS/H/Hancock_John/musicians_h_hancock_john.jpg
/MUSICIANS/H/Hank=MUSICIANS/H/Hank/musicians_h_hank.jpg
/MUSICIANS/H/Hanlon_David=MUSICIANS/H/Hanlon_David/musicians_h_hanlon_david.jpg
/MUSICIANS/H/Hannula_Antti=MUSICIANS/H/Hannula_Antti/musicians_h_hannula_antti.jpg
/MUSICIANS/H/Hannula_Janne=MUSICIANS/H/Hannula_Janne/musicians_h_hannula_janne.jpg
/MUSICIANS/H/Harlequin=MUSICIANS/H/Harlequin/musicians_h_harlequin.jpg
/MUSICIANS/H/Harmony_Productions=MUSICIANS/H/Harmony_Productions/musicians_h_harmony_productions.jpg
/MUSICIANS/H/Harrison_Mark=MUSICIANS/H/Harrison_Mark/musicians_h_harrison_mark.jpg
/MUSICIANS/H/Hartwig_Stefan=MUSICIANS/H/Hartwig_Stefan/musicians_h_hartwig_stefan.jpg
/MUSICIANS/H/Hatlelid_Kris=MUSICIANS/H/Hatlelid_Kris/musicians_h_hatlelid_kris.jpg
/MUSICIANS/H/Havoc=MUSICIANS/H/Havoc/musicians_h_havoc.jpg
/MUSICIANS/H/Heckmann_Urs=MUSICIANS/H/Heckmann_Urs/musicians_h_heckmann_urs.jpg
/MUSICIANS/H/Heitkamp_Arndt=MUSICIANS/H/Heitkamp_Arndt/musicians_h_heitkamp_arndt.jpg
/MUSICIANS/H/Henne=MUSICIANS/H/Henne/musicians_h_henne.jpg
/MUSICIANS/H/Hermit=MUSICIANS/H/Hermit/musicians_h_hermit.jpg
/MUSICIANS/H/Herre_Tobias=MUSICIANS/H/Herre_Tobias/musicians_h_herre_tobias.jpg
/MUSICIANS/H/Hesford_Paul=MUSICIANS/H/Hesford_Paul/musicians_h_hesford_paul.jpg
/MUSICIANS/H/Hevosenliha=MUSICIANS/H/Hevosenliha/musicians_h_hevosenliha.jpg
/MUSICIANS/H/HJE=MUSICIANS/H/HJE/musicians_h_hje.jpg
/MUSICIANS/H/Hodgson_Paul=MUSICIANS/H/Hodgson_Paul/musicians_h_hodgson_paul.jpg
/MUSICIANS/H/Hoernell_Karl=MUSICIANS/H/Hoernell_Karl/musicians_h_hoernell_karl.jpg
/MUSICIANS/H/Hoffman=MUSICIANS/H/Hoffman/musicians_h_hoffman.jpg
/MUSICIANS/H/Hogg_Ashley=MUSICIANS/H/Hogg_Ashley/musicians_h_hogg_ashley.jpg
/MUSICIANS/H/Holt_Hein=MUSICIANS/H/Holt_Hein/musicians_h_holt_hein.jpg
/MUSICIANS/H/Howlin_Mad=MUSICIANS/H/Howlin_Mad/musicians_h_howlin_mad.jpg
/MUSICIANS/H/HTD=MUSICIANS/H/HTD/musicians_h_htd.jpg
/MUSICIANS/H/Hubbard_Rob=MUSICIANS/H/Hubbard_Rob/musicians_h_hubbard_rob.jpg
/MUSICIANS/H/Huelsbeck_Chris=MUSICIANS/H/Huelsbeck_Chris/musicians_h_huelsbeck_chris.jpg
/MUSICIANS/H/Hugenroth_Andre_and_Frank=MUSICIANS/H/Hugenroth_Andre_and_Frank/musicians_h_hugenroth_andre_and_frank.jpg
/MUSICIANS/H/Hukka=MUSICIANS/H/Hukka/musicians_h_hukka.jpg
/MUSICIANS/H/Hultink_Gerard=MUSICIANS/H/Hultink_Gerard/musicians_h_hultink_gerard.jpg
/MUSICIANS/H/Hydrogen=MUSICIANS/H/Hydrogen/musicians_h_hydrogen.jpg
/MUSICIANS/I/IGP=MUSICIANS/I/IGP/musicians_i_igp.jpg
/MUSICIANS/I/Ilkke=MUSICIANS/I/Ilkke/musicians_i_ilkke.jpg
/MUSICIANS/I/Input=MUSICIANS/I/Input/musicians_i_input.jpg
/MUSICIANS/I/Iron_Cat=MUSICIANS/I/Iron_Cat/musicians_i_iron_cat.jpg
/MUSICIANS/I/Isocosa=MUSICIANS/I/Isocosa/musicians_i_isocosa.jpg
/MUSICIANS/I/Ispace=MUSICIANS/I/Ispace/musicians_i_ispace.jpg
/MUSICIANS/J/Jab=MUSICIANS/J/Jab/musicians_j_jab.jpg
/MUSICIANS/J/Jammer=MUSICIANS/J/Jammer/musicians_j_jammer.jpg
/MUSICIANS/J/JB=MUSICIANS/J/JB/musicians_j_jb.jpg
/MUSICIANS/J/JCH=MUSICIANS/J/JCH/musicians_j_jch.jpg
/MUSICIANS/J/Jeff=MUSICIANS/J/Jeff/musicians_j_jeff.jpg
/MUSICIANS/J/Jellica=MUSICIANS/J/Jellica/musicians_j_jellica.jpg
/MUSICIANS/J/Jergan_Oeyvind=MUSICIANS/J/Jergan_Oeyvind/musicians_j_jergan_oeyvind.jpg
/MUSICIANS/J/Jer=MUSICIANS/J/Jer/musicians_j_jer.jpg
/MUSICIANS/J/Jipe=MUSICIANS/J/Jipe/musicians_j_jipe.jpg
/MUSICIANS/J/JLD=MUSICIANS/J/JLD/musicians_j_jld.jpg
/MUSICIANS/J/Johey=MUSICIANS/J/Johey/musicians_j_johey.jpg
/MUSICIANS/J/Johnny_Owl=MUSICIANS/J/Johnny_Owl/musicians_j_johnny_owl.jpg
/MUSICIANS/J/Johnson_Kyle=MUSICIANS/J/Johnson_Kyle/musicians_j_johnson_kyle.jpg
/MUSICIANS/J/JO=MUSICIANS/J/JO/musicians_j_jo.jpg
/MUSICIANS/J/Joseph_Richard=MUSICIANS/J/Joseph_Richard/musicians_j_joseph_richard.jpg
/MUSICIANS/J/Josstintimberlake=MUSICIANS/J/Josstintimberlake/musicians_j_josstintimberlake.jpg
/MUSICIANS/J/Jucke=MUSICIANS/J/Jucke/musicians_j_jucke.jpg
/MUSICIANS/J/Julian_Jaymz=MUSICIANS/J/Julian_Jaymz/musicians_j_julian_jaymz.jpg
/MUSICIANS/J/Juzdie=MUSICIANS/J/Juzdie/musicians_j_juzdie.jpg
/MUSICIANS/K/Karlsson_Peter=MUSICIANS/K/Karlsson_Peter/musicians_k_karlsson_peter.jpg
/MUSICIANS/K/Karl_XII=MUSICIANS/K/Karl_XII/musicians_k_karl_xii.jpg
/MUSICIANS/K/Kasmo=MUSICIANS/K/Kasmo/musicians_k_kasmo.jpg
/MUSICIANS/K/Kawasaki_Ryo=MUSICIANS/K/Kawasaki_Ryo/musicians_k_kawasaki_ryo.jpg
/MUSICIANS/K/Kaze=MUSICIANS/K/Kaze/musicians_k_kaze.jpg
/MUSICIANS/K/KB=MUSICIANS/K/KB/musicians_k_kb.jpg
/MUSICIANS/K/Khugiani_Naveed=MUSICIANS/K/Khugiani_Naveed/musicians_k_khugiani_naveed.jpg
/MUSICIANS/K/King_Fisher=MUSICIANS/K/King_Fisher/musicians_k_king_fisher.jpg
/MUSICIANS/K/Kirwa_Oliver=MUSICIANS/K/Kirwa_Oliver/musicians_k_kirwa_oliver.jpg
/MUSICIANS/K/Kiss_Konrad=MUSICIANS/K/Kiss_Konrad/musicians_k_kiss_konrad.jpg
/MUSICIANS/K/Klaewer_Oliver=MUSICIANS/K/Klaewer_Oliver/musicians_k_klaewer_oliver.jpg
/MUSICIANS/K/Klegg=MUSICIANS/K/Klegg/musicians_k_klegg.jpg
/MUSICIANS/K/Kleinert_Tim=MUSICIANS/K/Kleinert_Tim/musicians_k_kleinert_tim.jpg
/MUSICIANS/K/Klink_Harold=MUSICIANS/K/Klink_Harold/musicians_k_klink_harold.jpg
/MUSICIANS/K/Knatter=MUSICIANS/K/Knatter/musicians_k_knatter.jpg
/MUSICIANS/K/Koester_Boris=MUSICIANS/K/Koester_Boris/musicians_k_koester_boris.jpg
/MUSICIANS/K/Kolbe_Thomas=MUSICIANS/K/Kolbe_Thomas/musicians_k_kolbe_thomas.jpg
/MUSICIANS/K/Kompositkrut=MUSICIANS/K/Kompositkrut/musicians_k_kompositkrut.jpg
/MUSICIANS/K/Kordiaukis=MUSICIANS/K/Kordiaukis/musicians_k_kordiaukis.jpg
/MUSICIANS/K/Koytka_Thorsten=MUSICIANS/K/Koytka_Thorsten/musicians_k_koytka_thorsten.jpg
/MUSICIANS/K/Kribust=MUSICIANS/K/Kribust/musicians_k_kribust.jpg
/MUSICIANS/K/Kriwanek_Mario=MUSICIANS/K/Kriwanek_Mario/musicians_k_kriwanek_mario.jpg
/MUSICIANS/K/Krolzig_Jan=MUSICIANS/K/Krolzig_Jan/musicians_k_krolzig_jan.jpg
/MUSICIANS/K/Kubiszyn_Paul=MUSICIANS/K/Kubiszyn_Paul/musicians_k_kubiszyn_paul.jpg
/MUSICIANS/L/Lagace_Ken=MUSICIANS/L/Lagace_Ken/musicians_l_lagace_ken.jpg
/MUSICIANS/L/Latifah=MUSICIANS/L/Latifah/musicians_l_latifah.jpg
/MUSICIANS/L/Latimer_Joey=MUSICIANS/L/Latimer_Joey/musicians_l_latimer_joey.jpg
/MUSICIANS/L/Laurikka=MUSICIANS/L/Laurikka/musicians_l_laurikka.jpg
/MUSICIANS/L/Laxity=MUSICIANS/L/Laxity/musicians_l_laxity.jpg
/MUSICIANS/L/LDX40=MUSICIANS/L/LDX40/musicians_l_ldx40.jpg
/MUSICIANS/L/Lead=MUSICIANS/L/Lead/musicians_l_lead.jpg
/MUSICIANS/L/Leitch_Barry=MUSICIANS/L/Leitch_Barry/musicians_l_leitch_barry.jpg
/MUSICIANS/L/Leming=MUSICIANS/L/Leming/musicians_l_leming.jpg
/MUSICIANS/L/Lft=MUSICIANS/L/Lft/musicians_l_lft.jpg
/MUSICIANS/L/Lieblich_Russell=MUSICIANS/L/Lieblich_Russell/musicians_l_lieblich_russell.jpg
/MUSICIANS/L/Liket=MUSICIANS/L/Liket/musicians_l_liket.jpg
/MUSICIANS/L/Lindanger_Trond=MUSICIANS/L/Lindanger_Trond/musicians_l_lindanger_trond.jpg
/MUSICIANS/L/Link=MUSICIANS/L/Link/musicians_l_link.jpg
/MUSICIANS/L/Linus=MUSICIANS/L/Linus/musicians_l_linus.jpg
/MUSICIANS/L/Lizard_Royzex=MUSICIANS/L/Lizard_Royzex/musicians_l_lizard_royzex.jpg
/MUSICIANS/L/LMan=MUSICIANS/L/LMan/musicians_l_lman.jpg
/MUSICIANS/L/Longhair=MUSICIANS/L/Longhair/musicians_l_longhair.jpg
/MUSICIANS/L/LordNikon=MUSICIANS/L/LordNikon/musicians_l_lordnikon.jpg
/MUSICIANS/L/Louie=MUSICIANS/L/Louie/musicians_l_louie.jpg
/MUSICIANS/L/Lowe_Al=MUSICIANS/L/Lowe_Al/musicians_l_lowe_al.jpg
/MUSICIANS/L/Lowe_Dave=MUSICIANS/L/Lowe_Dave/musicians_l_lowe_dave.jpg
/MUSICIANS/L/Luca=MUSICIANS/L/Luca/musicians_l_luca.jpg
/MUSICIANS/L/Lunatic=MUSICIANS/L/Lunatic/musicians_l_lunatic.jpg
/MUSICIANS/M/Mace=MUSICIANS/M/Mace/musicians_m_mace.jpg
/MUSICIANS/M/Mad_Donne_Marcel=MUSICIANS/M/Mad_Donne_Marcel/musicians_m_mad_donne_marcel.jpg
/MUSICIANS/M/Maduplec=MUSICIANS/M/Maduplec/musicians_m_maduplec.jpg
/MUSICIANS/M/Magic_Man=MUSICIANS/M/Magic_Man/musicians_m_magic_man.jpg
/MUSICIANS/M/Magnar=MUSICIANS/M/Magnar/musicians_m_magnar.jpg
/MUSICIANS/M/Mahoney=MUSICIANS/M/Mahoney/musicians_m_mahoney.jpg
/MUSICIANS/M/Maktone=MUSICIANS/M/Maktone/musicians_m_maktone.jpg
/MUSICIANS/M/Malinen_Tomi=MUSICIANS/M/Malinen_Tomi/musicians_m_malinen_tomi.jpg
/MUSICIANS/M/Mankeli=MUSICIANS/M/Mankeli/musicians_m_mankeli.jpg
/MUSICIANS/M/Mateus=MUSICIANS/M/Mateus/musicians_m_mateus.jpg
/MUSICIANS/M/Matt=MUSICIANS/M/Matt/musicians_m_matt.jpg
/MUSICIANS/M/Mauer_Alex=MUSICIANS/M/Mauer_Alex/musicians_m_mauer_alex.jpg
/MUSICIANS/M/Max_F3H=MUSICIANS/M/Max_F3H/musicians_m_max_f3h.jpg
/MUSICIANS/M/Mayer_Ronald=MUSICIANS/M/Mayer_Ronald/musicians_m_mayer_ronald.jpg
/MUSICIANS/M/Maze=MUSICIANS/M/Maze/musicians_m_maze.jpg
/MUSICIANS/M/MCA=MUSICIANS/M/MCA/musicians_m_mca.jpg
/MUSICIANS/M/MCH=MUSICIANS/M/MCH/musicians_m_mch.jpg
/MUSICIANS/M/MC_Lord=MUSICIANS/M/MC_Lord/musicians_m_mc_lord.jpg
/MUSICIANS/M/Megmyx=MUSICIANS/M/Megmyx/musicians_m_megmyx.jpg
/MUSICIANS/M/Mellberg_Bo=MUSICIANS/M/Mellberg_Bo/musicians_m_mellberg_bo.jpg
/MUSICIANS/M/Mercury=MUSICIANS/M/Mercury/musicians_m_mercury.jpg
/MUSICIANS/M/Mermaid=MUSICIANS/M/Mermaid/musicians_m_mermaid.jpg
/MUSICIANS/M/Merman=MUSICIANS/M/Merman/musicians_m_merman.jpg
/MUSICIANS/M/Metal_Maniac=MUSICIANS/M/Metal_Maniac/musicians_m_metal_maniac.jpg
/MUSICIANS/M/Metal=MUSICIANS/M/Metal/musicians_m_metal.jpg
/MUSICIANS/M/Mibri=MUSICIANS/M/Mibri/musicians_m_mibri.jpg
/MUSICIANS/M/Micronix=MUSICIANS/M/Micronix/musicians_m_micronix.jpg
/MUSICIANS/M/Mindcooler=MUSICIANS/M/Mindcooler/musicians_m_mindcooler.jpg
/MUSICIANS/M/Mindflow=MUSICIANS/M/Mindflow/musicians_m_mindflow.jpg
/MUSICIANS/M/Minter_Jeff=MUSICIANS/M/Minter_Jeff/musicians_m_minter_jeff.jpg
/MUSICIANS/M/Mis=MUSICIANS/M/Mis/musicians_m_mis.jpg
/MUSICIANS/M/Mitch_and_Dane/Dane=MUSICIANS/M/Mitch_and_Dane/Dane/musicians_m_mitch_and_dane_dane.jpg
/MUSICIANS/M/Mitch_and_Dane/Mitch=MUSICIANS/M/Mitch_and_Dane/Mitch/musicians_m_mitch_and_dane_mitch.jpg
/MUSICIANS/M/Mitch_and_Dane=MUSICIANS/M/Mitch_and_Dane/musicians_m_mitch_and_dane.jpg
/MUSICIANS/M/Moerkrid_Olav=MUSICIANS/M/Moerkrid_Olav/musicians_m_moerkrid_olav.jpg
/MUSICIANS/M/Monopoly=MUSICIANS/M/Monopoly/musicians_m_monopoly.jpg
/MUSICIANS/M/Moogle_Charm=MUSICIANS/M/Moogle_Charm/musicians_m_moogle_charm.jpg
/MUSICIANS/M/Moog=MUSICIANS/M/Moog/musicians_m_moog.jpg
/MUSICIANS/M/Moon=MUSICIANS/M/Moon/musicians_m_moon.jpg
/MUSICIANS/M/Moppe=MUSICIANS/M/Moppe/musicians_m_moppe.jpg
/MUSICIANS/M/Mortimer_Twang=MUSICIANS/M/Mortimer_Twang/musicians_m_mortimer_twang.jpg
/MUSICIANS/M/Morton_Adam=MUSICIANS/M/Morton_Adam/musicians_m_morton_adam.jpg
/MUSICIANS/M/MotionRide=MUSICIANS/M/MotionRide/musicians_m_motionride.jpg
/MUSICIANS/M/Mr_Death=MUSICIANS/M/Mr_Death/musicians_m_mr_death.jpg
/MUSICIANS/M/Mr_Mouse=MUSICIANS/M/Mr_Mouse/musicians_m_mr_mouse.jpg
/MUSICIANS/M/Mr_SID=MUSICIANS/M/Mr_SID/musicians_m_mr_sid.jpg
/MUSICIANS/M/Mr_Warp=MUSICIANS/M/Mr_Warp/musicians_m_mr_warp.jpg
/MUSICIANS/M/MSK=MUSICIANS/M/MSK/musicians_m_msk.jpg
/MUSICIANS/M/Mudra_Paul=MUSICIANS/M/Mudra_Paul/musicians_m_mudra_paul.jpg
/MUSICIANS/M/Muehl_Ulrich=MUSICIANS/M/Muehl_Ulrich/musicians_m_muehl_ulrich.jpg
/MUSICIANS/N/Nagie_Sascha=MUSICIANS/N/Nagie_Sascha/musicians_n_nagie_sascha.jpg
/MUSICIANS/N/Narciso=MUSICIANS/N/Narciso/musicians_n_narciso.jpg
/MUSICIANS/N/Ne7=MUSICIANS/N/Ne7/musicians_n_ne7.jpg
/MUSICIANS/N/Nebula=MUSICIANS/N/Nebula/musicians_n_nebula.jpg
/MUSICIANS/N/NecroPolo=MUSICIANS/N/NecroPolo/musicians_n_necropolo.jpg
/MUSICIANS/N/Neptune=MUSICIANS/N/Neptune/musicians_n_neptune.jpg
/MUSICIANS/N/Neumann_Frank=MUSICIANS/N/Neumann_Frank/musicians_n_neumann_frank.jpg
/MUSICIANS/N/Nice=MUSICIANS/N/Nice/musicians_n_nice.jpg
/MUSICIANS/N/Nick_Vivid=MUSICIANS/N/Nick_Vivid/musicians_n_nick_vivid.jpg
/MUSICIANS/N/Nightlord=MUSICIANS/N/Nightlord/musicians_n_nightlord.jpg
/MUSICIANS/N/Nilsen_Ronny=MUSICIANS/N/Nilsen_Ronny/musicians_n_nilsen_ronny.jpg
/MUSICIANS/N/Nizze=MUSICIANS/N/Nizze/musicians_n_nizze.jpg
/MUSICIANS/N/Noise=MUSICIANS/N/Noise/musicians_n_noise.jpg
/MUSICIANS/N/Noise_of_SID=MUSICIANS/N/Noise_of_SID/musicians_n_noise_of_sid.jpg
/MUSICIANS/N/Nordic_Beat/Matrix=MUSICIANS/N/Nordic_Beat/Matrix/musicians_n_nordic_beat_matrix.jpg
/MUSICIANS/N/Nordic_Beat/Quan=MUSICIANS/N/Nordic_Beat/Quan/musicians_n_nordic_beat_quan.jpg
/MUSICIANS/N/Nordischsound=MUSICIANS/N/Nordischsound/musicians_n_nordischsound.jpg
/MUSICIANS/N/Norman_Paul=MUSICIANS/N/Norman_Paul/musicians_n_norman_paul.jpg
/MUSICIANS/N/No-XS=MUSICIANS/N/No-XS/musicians_n_no-xs.jpg
/MUSICIANS/N/Nygaard_Richard=MUSICIANS/N/Nygaard_Richard/musicians_n_nygaard_richard.jpg
/MUSICIANS/O/Odi=MUSICIANS/O/Odi/musicians_o_odi.jpg
/MUSICIANS/O/Odkin=MUSICIANS/O/Odkin/musicians_o_odkin.jpg
/MUSICIANS/O/Odo=MUSICIANS/O/Odo/musicians_o_odo.jpg
/MUSICIANS/O/Odysseus=MUSICIANS/O/Odysseus/musicians_o_odysseus.jpg
/MUSICIANS/O/Oedipus=MUSICIANS/O/Oedipus/musicians_o_oedipus.jpg
/MUSICIANS/O/Oeie_Karl_Bjoernar=MUSICIANS/O/Oeie_Karl_Bjoernar/musicians_o_oeie_karl_bjoernar.jpg
/MUSICIANS/O/Olsen=MUSICIANS/O/Olsen/musicians_o_olsen.jpg
/MUSICIANS/O/Omoroca=MUSICIANS/O/Omoroca/musicians_o_omoroca.jpg
/MUSICIANS/O/Orcan=MUSICIANS/O/Orcan/musicians_o_orcan.jpg
/MUSICIANS/O/Ouwehand_Reyn=MUSICIANS/O/Ouwehand_Reyn/musicians_o_ouwehand_reyn.jpg
/MUSICIANS/P/Page_Jason=MUSICIANS/P/Page_Jason/musicians_p_page_jason.jpg
/MUSICIANS/P/Pajda=MUSICIANS/P/Pajda/musicians_p_pajda.jpg
/MUSICIANS/P/Palmonari_Stefano=MUSICIANS/P/Palmonari_Stefano/musicians_p_palmonari_stefano.jpg
/MUSICIANS/P/Pat_Boon=MUSICIANS/P/Pat_Boon/musicians_p_pat_boon.jpg
/MUSICIANS/P/Pater_Pi=MUSICIANS/P/Pater_Pi/musicians_p_pater_pi.jpg
/MUSICIANS/P/PCH=MUSICIANS/P/PCH/musicians_p_pch.jpg
/MUSICIANS/P/Peacemaker=MUSICIANS/P/Peacemaker/musicians_p_peacemaker.jpg
/MUSICIANS/P/Pece=MUSICIANS/P/Pece/musicians_p_pece.jpg
/MUSICIANS/P/Pedersen_Inge=MUSICIANS/P/Pedersen_Inge/musicians_p_pedersen_inge.jpg
/MUSICIANS/P/Pegasus=MUSICIANS/P/Pegasus/musicians_p_pegasus.jpg
/MUSICIANS/P/Perkins_Jason=MUSICIANS/P/Perkins_Jason/musicians_p_perkins_jason.jpg
/MUSICIANS/P/Pet=MUSICIANS/P/Pet/musicians_p_pet.jpg
/MUSICIANS/P/Pezac=MUSICIANS/P/Pezac/musicians_p_pezac.jpg
/MUSICIANS/P/PFK=MUSICIANS/P/PFK/musicians_p_pfk.jpg
/MUSICIANS/P/Phobos=MUSICIANS/P/Phobos/musicians_p_phobos.jpg
/MUSICIANS/P/Pick_Simon=MUSICIANS/P/Pick_Simon/musicians_p_pick_simon.jpg
/MUSICIANS/P/Pievspie=MUSICIANS/P/Pievspie/musicians_p_pievspie.jpg
/MUSICIANS/P/Pina=MUSICIANS/P/Pina/musicians_p_pina.jpg
/MUSICIANS/P/Pinocchio=MUSICIANS/P/Pinocchio/musicians_p_pinocchio.jpg
/MUSICIANS/P/Player_One=MUSICIANS/P/Player_One/musicians_p_player_one.jpg
/MUSICIANS/P/PoloBreath=MUSICIANS/P/PoloBreath/musicians_p_polobreath.jpg
/MUSICIANS/P/Polonus=MUSICIANS/P/Polonus/musicians_p_polonus.jpg
/MUSICIANS/P/Praiser=MUSICIANS/P/Praiser/musicians_p_praiser.jpg
/MUSICIANS/P/Priarone_Gabriele=MUSICIANS/P/Priarone_Gabriele/musicians_p_priarone_gabriele.jpg
/MUSICIANS/P/PRI=MUSICIANS/P/PRI/musicians_p_pri.jpg
/MUSICIANS/P/Prosonix/Hoff_Lars=MUSICIANS/P/Prosonix/Hoff_Lars/musicians_p_prosonix_hoff_lars.jpg
/MUSICIANS/P/Prosonix=MUSICIANS/P/Prosonix/musicians_p_prosonix.jpg
/MUSICIANS/P/Prosonix/Pedersen_Stein=MUSICIANS/P/Prosonix/Pedersen_Stein/musicians_p_prosonix_pedersen_stein.jpg
/MUSICIANS/P/Prosonix/Pettersen_Ole_Marius=MUSICIANS/P/Prosonix/Pettersen_Ole_Marius/musicians_p_prosonix_pettersen_ole_marius.jpg
/MUSICIANS/P/Proton=MUSICIANS/P/Proton/musicians_p_proton.jpg
/MUSICIANS/P/PseudoGrafx=MUSICIANS/P/PseudoGrafx/musicians_p_pseudografx.jpg
/MUSICIANS/P/Psycho=MUSICIANS/P/Psycho/musicians_p_psycho.jpg
/MUSICIANS/P/Psylicium=MUSICIANS/P/Psylicium/musicians_p_psylicium.jpg
/MUSICIANS/P/Puterman=MUSICIANS/P/Puterman/musicians_p_puterman.jpg
/MUSICIANS/P/PVCF=MUSICIANS/P/PVCF/musicians_p_pvcf.jpg
/MUSICIANS/Q/Qdor=MUSICIANS/Q/Qdor/musicians_q_qdor.jpg
/MUSICIANS/R/Radiantx=MUSICIANS/R/Radiantx/musicians_r_radiantx.jpg
/MUSICIANS/R/Raeburn_Gavin=MUSICIANS/R/Raeburn_Gavin/musicians_r_raeburn_gavin.jpg
/MUSICIANS/R/Raf=MUSICIANS/R/Raf/musicians_r_raf.jpg
/MUSICIANS/R/Rage=MUSICIANS/R/Rage/musicians_r_rage.jpg
/MUSICIANS/R/Ramos=MUSICIANS/R/Ramos/musicians_r_ramos.jpg
/MUSICIANS/R/Randall=MUSICIANS/R/Randall/musicians_r_randall.jpg
/MUSICIANS/R/Randy=MUSICIANS/R/Randy/musicians_r_randy.jpg
/MUSICIANS/R/Raveguru=MUSICIANS/R/Raveguru/musicians_r_raveguru.jpg
/MUSICIANS/R/Rayden=MUSICIANS/R/Rayden/musicians_r_rayden.jpg
/MUSICIANS/R/Ray_Manta=MUSICIANS/R/Ray_Manta/musicians_r_ray_manta.jpg
/MUSICIANS/R/Redcrab=MUSICIANS/R/Redcrab/musicians_r_redcrab.jpg
/MUSICIANS/R/Red_Devil=MUSICIANS/R/Red_Devil/musicians_r_red_devil.jpg
/MUSICIANS/R/Red_Duijckaerts_Roger=MUSICIANS/R/Red_Duijckaerts_Roger/musicians_r_red_duijckaerts_roger.jpg
/MUSICIANS/R/Red_Kimmel_Jeroen=MUSICIANS/R/Red_Kimmel_Jeroen/musicians_r_red_kimmel_jeroen.jpg
/MUSICIANS/R/Reed=MUSICIANS/R/Reed/musicians_r_reed.jpg
/MUSICIANS/R/Reitz_Jennifer_Diane=MUSICIANS/R/Reitz_Jennifer_Diane/musicians_r_reitz_jennifer_diane.jpg
/MUSICIANS/R/Remo=MUSICIANS/R/Remo/musicians_r_remo.jpg
/MUSICIANS/R/Replay=MUSICIANS/R/Replay/musicians_r_replay.jpg
/MUSICIANS/R/Response=MUSICIANS/R/Response/musicians_r_response.jpg
/MUSICIANS/R/Richmond_Mike=MUSICIANS/R/Richmond_Mike/musicians_r_richmond_mike.jpg
/MUSICIANS/R/Robric=MUSICIANS/R/Robric/musicians_r_robric.jpg
/MUSICIANS/R/Rockin_Limited=MUSICIANS/R/Rockin_Limited/musicians_r_rockin_limited.jpg
/MUSICIANS/R/Rock=MUSICIANS/R/Rock/musicians_r_rock.jpg
/MUSICIANS/R/Rodger_Andrew=MUSICIANS/R/Rodger_Andrew/musicians_r_rodger_andrew.jpg
/MUSICIANS/R/Rodney=MUSICIANS/R/Rodney/musicians_r_rodney.jpg
/MUSICIANS/R/Roebuck_Kristopher=MUSICIANS/R/Roebuck_Kristopher/musicians_r_roebuck_kristopher.jpg
/MUSICIANS/R/Rokling_Henning=MUSICIANS/R/Rokling_Henning/musicians_r_rokling_henning.jpg
/MUSICIANS/R/Rorschach=MUSICIANS/R/Rorschach/musicians_r_rorschach.jpg
/MUSICIANS/R/Rosenfeldt_Harald=MUSICIANS/R/Rosenfeldt_Harald/musicians_r_rosenfeldt_harald.jpg
/MUSICIANS/R/Rosenstiel_Joerg=MUSICIANS/R/Rosenstiel_Joerg/musicians_r_rosenstiel_joerg.jpg
/MUSICIANS/R/Rousseau_Marcus=MUSICIANS/R/Rousseau_Marcus/musicians_r_rousseau_marcus.jpg
/MUSICIANS/R/Rowlands_Steve=MUSICIANS/R/Rowlands_Steve/musicians_r_rowlands_steve.jpg
/MUSICIANS/R/Rytone=MUSICIANS/R/Rytone/musicians_r_rytone.jpg
/MUSICIANS/S/Sack=MUSICIANS/S/Sack/musicians_s_sack.jpg
/MUSICIANS/S/Sad=MUSICIANS/S/Sad/musicians_s_sad.jpg
/MUSICIANS/S/Safavy_Mehdi=MUSICIANS/S/Safavy_Mehdi/musicians_s_safavy_mehdi.jpg
/MUSICIANS/S/Sage=MUSICIANS/S/Sage/musicians_s_sage.jpg
/MUSICIANS/S/Saimo=MUSICIANS/S/Saimo/musicians_s_saimo.jpg
/MUSICIANS/S/Salthe_Morten=MUSICIANS/S/Salthe_Morten/musicians_s_salthe_morten.jpg
/MUSICIANS/S/Sanden_Peter=MUSICIANS/S/Sanden_Peter/musicians_s_sanden_peter.jpg
/MUSICIANS/S/Sandman=MUSICIANS/S/Sandman/musicians_s_sandman.jpg
/MUSICIANS/S/Scan=MUSICIANS/S/Scan/musicians_s_scan.jpg
/MUSICIANS/S/Scarim_Nick=MUSICIANS/S/Scarim_Nick/musicians_s_scarim_nick.jpg
/MUSICIANS/S/Scarzix=MUSICIANS/S/Scarzix/musicians_s_scarzix.jpg
/MUSICIANS/S/Schmidt_Felix=MUSICIANS/S/Schmidt_Felix/musicians_s_schmidt_felix.jpg
/MUSICIANS/S/Schmidt_Miron=MUSICIANS/S/Schmidt_Miron/musicians_s_schmidt_miron.jpg
/MUSICIANS/S/Schneider_Markus=MUSICIANS/S/Schneider_Markus/musicians_s_schneider_markus.jpg
/MUSICIANS/S/Schutten_Martijn=MUSICIANS/S/Schutten_Martijn/musicians_s_schutten_martijn.jpg
/MUSICIANS/S/Scorpio=MUSICIANS/S/Scorpio/musicians_s_scorpio.jpg
/MUSICIANS/S/Scortia=MUSICIANS/S/Scortia/musicians_s_scortia.jpg
/MUSICIANS/S/Scout=MUSICIANS/S/Scout/musicians_s_scout.jpg
/MUSICIANS/S/Scroll=MUSICIANS/S/Scroll/musicians_s_scroll.jpg
/MUSICIANS/S/Shade=MUSICIANS/S/Shade/musicians_s_shade.jpg
/MUSICIANS/S/Shapie=MUSICIANS/S/Shapie/musicians_s_shapie.jpg
/MUSICIANS/S/Sharp_Lyndon=MUSICIANS/S/Sharp_Lyndon/musicians_s_sharp_lyndon.jpg
/MUSICIANS/S/Shavitt_Guy=MUSICIANS/S/Shavitt_Guy/musicians_s_shavitt_guy.jpg
/MUSICIANS/S/Shiru=MUSICIANS/S/Shiru/musicians_s_shiru.jpg
/MUSICIANS/S/Shogoon=MUSICIANS/S/Shogoon/musicians_s_shogoon.jpg
/MUSICIANS/S/Shroom=MUSICIANS/S/Shroom/musicians_s_shroom.jpg
/MUSICIANS/S/SIDwave=MUSICIANS/S/SIDwave/musicians_s_sidwave.jpg
/MUSICIANS/S/Siebold_Markus=MUSICIANS/S/Siebold_Markus/musicians_s_siebold_markus.jpg
/MUSICIANS/S/SigmaZeven=MUSICIANS/S/SigmaZeven/musicians_s_sigmazeven.jpg
/MUSICIANS/S/Simmons_Jim=MUSICIANS/S/Simmons_Jim/musicians_s_simmons_jim.jpg
/MUSICIANS/S/Simon_Laszlo=MUSICIANS/S/Simon_Laszlo/musicians_s_simon_laszlo.jpg
/MUSICIANS/S/Six=MUSICIANS/S/Six/musicians_s_six.jpg
/MUSICIANS/S/Slash=MUSICIANS/S/Slash/musicians_s_slash.jpg
/MUSICIANS/S/Slaxx=MUSICIANS/S/Slaxx/musicians_s_slaxx.jpg
/MUSICIANS/S/Slayer=MUSICIANS/S/Slayer/musicians_s_slayer.jpg
/MUSICIANS/S/Slaygon=MUSICIANS/S/Slaygon/musicians_s_slaygon.jpg
/MUSICIANS/S/SLC=MUSICIANS/S/SLC/musicians_s_slc.jpg
/MUSICIANS/S/Sleipner=MUSICIANS/S/Sleipner/musicians_s_sleipner.jpg
/MUSICIANS/S/SMC=MUSICIANS/S/SMC/musicians_s_smc.jpg
/MUSICIANS/S/Snabel=MUSICIANS/S/Snabel/musicians_s_snabel.jpg
/MUSICIANS/S/Snyder_Tom=MUSICIANS/S/Snyder_Tom/musicians_s_snyder_tom.jpg
/MUSICIANS/S/SoedeSoft/Soede_Jeroen=MUSICIANS/S/SoedeSoft/Soede_Jeroen/musicians_s_soedesoft_soede_jeroen.jpg
/MUSICIANS/S/SoedeSoft/Soede_Michiel=MUSICIANS/S/SoedeSoft/Soede_Michiel/musicians_s_soedesoft_soede_michiel.jpg
/MUSICIANS/S/Sonic_Graffiti=MUSICIANS/S/Sonic_Graffiti/musicians_s_sonic_graffiti.jpg
/MUSICIANS/S/Sonic=MUSICIANS/S/Sonic/musicians_s_sonic.jpg
/MUSICIANS/S/Sonki=MUSICIANS/S/Sonki/musicians_s_sonki.jpg
/MUSICIANS/S/Sorex=MUSICIANS/S/Sorex/musicians_s_sorex.jpg
/MUSICIANS/S/SounDemoN=MUSICIANS/S/SounDemoN/musicians_s_soundemon.jpg
/MUSICIANS/S/Southern_Shaun=MUSICIANS/S/Southern_Shaun/musicians_s_southern_shaun.jpg
/MUSICIANS/S/Soya=MUSICIANS/S/Soya/musicians_s_soya.jpg
/MUSICIANS/S/Spider_Jerusalem=MUSICIANS/S/Spider_Jerusalem/musicians_s_spider_jerusalem.jpg
/MUSICIANS/S/Spike=MUSICIANS/S/Spike/musicians_s_spike.jpg
/MUSICIANS/S/Spino2006=MUSICIANS/S/Spino2006/musicians_s_spino2006.jpg
/MUSICIANS/S/Sta64=MUSICIANS/S/Sta64/musicians_s_sta64.jpg
/MUSICIANS/S/Stainless_Steel=MUSICIANS/S/Stainless_Steel/musicians_s_stainless_steel.jpg
/MUSICIANS/S/Steel=MUSICIANS/S/Steel/musicians_s_steel.jpg
/MUSICIANS/S/Stember_Rudolf=MUSICIANS/S/Stember_Rudolf/musicians_s_stember_rudolf.jpg
/MUSICIANS/S/Steppe=MUSICIANS/S/Steppe/musicians_s_steppe.jpg
/MUSICIANS/S/Stinsen=MUSICIANS/S/Stinsen/musicians_s_stinsen.jpg
/MUSICIANS/S/Stoeten_Johann=MUSICIANS/S/Stoeten_Johann/musicians_s_stoeten_johann.jpg
/MUSICIANS/S/Stoff=MUSICIANS/S/Stoff/musicians_s_stoff.jpg
/MUSICIANS/S/Stormont_John=MUSICIANS/S/Stormont_John/musicians_s_stormont_john.jpg
/MUSICIANS/S/Struebing_Volker=MUSICIANS/S/Struebing_Volker/musicians_s_struebing_volker.jpg
/MUSICIANS/S/Surgeon=MUSICIANS/S/Surgeon/musicians_s_surgeon.jpg
/MUSICIANS/S/Surland_Jacob=MUSICIANS/S/Surland_Jacob/musicians_s_surland_jacob.jpg
/MUSICIANS/S/Svetlana_Tovarisch=MUSICIANS/S/Svetlana_Tovarisch/musicians_s_svetlana_tovarisch.jpg
/MUSICIANS/S/Swallow=MUSICIANS/S/Swallow/musicians_s_swallow.jpg
/MUSICIANS/T/Tadpole=MUSICIANS/T/Tadpole/musicians_t_tadpole.jpg
/MUSICIANS/T/Tait_Mark=MUSICIANS/T/Tait_Mark/musicians_t_tait_mark.jpg
/MUSICIANS/T/Tankard_Paul=MUSICIANS/T/Tankard_Paul/musicians_t_tankard_paul.jpg
/MUSICIANS/T/Taxim=MUSICIANS/T/Taxim/musicians_t_taxim.jpg
/MUSICIANS/T/TBB=MUSICIANS/T/TBB/musicians_t_tbb.jpg
/MUSICIANS/T/TC=MUSICIANS/T/TC/musicians_t_tc.jpg
/MUSICIANS/T/TDS=MUSICIANS/T/TDS/musicians_t_tds.jpg
/MUSICIANS/T/Tel_Jeroen=MUSICIANS/T/Tel_Jeroen/musicians_t_tel_jeroen.jpg
/MUSICIANS/T/Tel_Kees=MUSICIANS/T/Tel_Kees/musicians_t_tel_kees.jpg
/MUSICIANS/T/Tempest=MUSICIANS/T/Tempest/musicians_t_tempest.jpg
/MUSICIANS/T/THCM=MUSICIANS/T/THCM/musicians_t_thcm.jpg
/MUSICIANS/T/The_Blue_Ninja=MUSICIANS/T/The_Blue_Ninja/musicians_t_the_blue_ninja.jpg
/MUSICIANS/T/The_Dungeon_Master=MUSICIANS/T/The_Dungeon_Master/musicians_t_the_dungeon_master.jpg
/MUSICIANS/T/The_Gee=MUSICIANS/T/The_Gee/musicians_t_the_gee.jpg
/MUSICIANS/T/The_Golden_Dragon=MUSICIANS/T/The_Golden_Dragon/musicians_t_the_golden_dragon.jpg
/MUSICIANS/T/The_Great_Flash=MUSICIANS/T/The_Great_Flash/musicians_t_the_great_flash.jpg
/MUSICIANS/T/The_Magical_Garfield=MUSICIANS/T/The_Magical_Garfield/musicians_t_the_magical_garfield.jpg
/MUSICIANS/T/TheRyk=MUSICIANS/T/TheRyk/musicians_t_theryk.jpg
/MUSICIANS/T/The_Syndrom=MUSICIANS/T/The_Syndrom/musicians_t_the_syndrom.jpg
/MUSICIANS/T/The_Unknown_Cracker=MUSICIANS/T/The_Unknown_Cracker/musicians_t_the_unknown_cracker.jpg
/MUSICIANS/T/Thiel_David=MUSICIANS/T/Thiel_David/musicians_t_thiel_david.jpg
/MUSICIANS/T/Thorndahl_Jesper=MUSICIANS/T/Thorndahl_Jesper/musicians_t_thorndahl_jesper.jpg
/MUSICIANS/T/Tichelmann_Kay=MUSICIANS/T/Tichelmann_Kay/musicians_t_tichelmann_kay.jpg
/MUSICIANS/T/Tinman_Keith=MUSICIANS/T/Tinman_Keith/musicians_t_tinman_keith.jpg
/MUSICIANS/T/Tinnitus=MUSICIANS/T/Tinnitus/musicians_t_tinnitus.jpg
/MUSICIANS/T/Tjagvad=MUSICIANS/T/Tjagvad/musicians_t_tjagvad.jpg
/MUSICIANS/T/Tjelta_Geir=MUSICIANS/T/Tjelta_Geir/musicians_t_tjelta_geir.jpg
/MUSICIANS/T/TLF=MUSICIANS/T/TLF/musicians_t_tlf.jpg
/MUSICIANS/T/TMR=MUSICIANS/T/TMR/musicians_t_tmr.jpg
/MUSICIANS/T/Toggle=MUSICIANS/T/Toggle/musicians_t_toggle.jpg
/MUSICIANS/T/Tognon_Stefano=MUSICIANS/T/Tognon_Stefano/musicians_t_tognon_stefano.jpg
/MUSICIANS/T/Toledo_Pablo=MUSICIANS/T/Toledo_Pablo/musicians_t_toledo_pablo.jpg
/MUSICIANS/T/Tonge_Paul=MUSICIANS/T/Tonge_Paul/musicians_t_tonge_paul.jpg
/MUSICIANS/T/Tonid=MUSICIANS/T/Tonid/musicians_t_tonid.jpg
/MUSICIANS/T/Tonka=MUSICIANS/T/Tonka/musicians_t_tonka.jpg
/MUSICIANS/T/Top_Secret=MUSICIANS/T/Top_Secret/musicians_t_top_secret.jpg
/MUSICIANS/T/Topshelf=MUSICIANS/T/Topshelf/musicians_t_topshelf.jpg
/MUSICIANS/T/Toy=MUSICIANS/T/Toy/musicians_t_toy.jpg
/MUSICIANS/T/Trap=MUSICIANS/T/Trap/musicians_t_trap.jpg
/MUSICIANS/T/Trident=MUSICIANS/T/Trident/musicians_t_trident.jpg
/MUSICIANS/T/Tron_Beekveld_Erwin=MUSICIANS/T/Tron_Beekveld_Erwin/musicians_t_tron_beekveld_erwin.jpg
/MUSICIANS/T/Trugoy=MUSICIANS/T/Trugoy/musicians_t_trugoy.jpg
/MUSICIANS/T/Trurl=MUSICIANS/T/Trurl/musicians_t_trurl.jpg
/MUSICIANS/T/Turner_Steve=MUSICIANS/T/Turner_Steve/musicians_t_turner_steve.jpg
/MUSICIANS/T/Twilight=MUSICIANS/T/Twilight/musicians_t_twilight.jpg
/MUSICIANS/T/Twoflower=MUSICIANS/T/Twoflower/musicians_t_twoflower.jpg
/MUSICIANS/U/Uctumi=MUSICIANS/U/Uctumi/musicians_u_uctumi.jpg
/MUSICIANS/U/Ukimenustah=MUSICIANS/U/Ukimenustah/musicians_u_ukimenustah.jpg
/MUSICIANS/U/Ultrasyd=MUSICIANS/U/Ultrasyd/musicians_u_ultrasyd.jpg
/MUSICIANS/U/Uneksija=MUSICIANS/U/Uneksija/musicians_u_uneksija.jpg
/MUSICIANS/U/Uzzy=MUSICIANS/U/Uzzy/musicians_u_uzzy.jpg
/MUSICIANS/V/V0yager=MUSICIANS/V/V0yager/musicians_v_v0yager.jpg
/MUSICIANS/V/V-12=MUSICIANS/V/V-12/musicians_v_v-12.jpg
/MUSICIANS/V/Vaca_Ramiro=MUSICIANS/V/Vaca_Ramiro/musicians_v_vaca_ramiro.jpg
/MUSICIANS/V/Vanderaart_John=MUSICIANS/V/Vanderaart_John/musicians_v_vanderaart_john.jpg
/MUSICIANS/V/Vedder=MUSICIANS/V/Vedder/musicians_v_vedder.jpg
/MUSICIANS/V/Vegard=MUSICIANS/V/Vegard/musicians_v_vegard.jpg
/MUSICIANS/V/Vegeta=MUSICIANS/V/Vegeta/musicians_v_vegeta.jpg
/MUSICIANS/V/Venturi_Ivan=MUSICIANS/V/Venturi_Ivan/musicians_v_venturi_ivan.jpg
/MUSICIANS/V/Vieira_Bob=MUSICIANS/V/Vieira_Bob/musicians_v_vieira_bob.jpg
/MUSICIANS/V/Vincenzo=MUSICIANS/V/Vincenzo/musicians_v_vincenzo.jpg
/MUSICIANS/V/Vindholmen_Preben=MUSICIANS/V/Vindholmen_Preben/musicians_v_vindholmen_preben.jpg
/MUSICIANS/V/Viznut=MUSICIANS/V/Viznut/musicians_v_viznut.jpg
/MUSICIANS/V/Voois_Vincent=MUSICIANS/V/Voois_Vincent/musicians_v_voois_vincent.jpg
/MUSICIANS/W/Wacek=MUSICIANS/W/Wacek/musicians_w_wacek.jpg
/MUSICIANS/W/Walker_Martin=MUSICIANS/W/Walker_Martin/musicians_w_walker_martin.jpg
/MUSICIANS/W/Walt=MUSICIANS/W/Walt/musicians_w_walt.jpg
/MUSICIANS/W/Warhol_Dave=MUSICIANS/W/Warhol_Dave/musicians_w_warhol_dave.jpg
/MUSICIANS/W/Warlock=MUSICIANS/W/Warlock/musicians_w_warlock.jpg
/MUSICIANS/W/Warlord=MUSICIANS/W/Warlord/musicians_w_warlord.jpg
/MUSICIANS/W/Warnock=MUSICIANS/W/Warnock/musicians_w_warnock.jpg
/MUSICIANS/W/Warrior=MUSICIANS/W/Warrior/musicians_w_warrior.jpg
/MUSICIANS/W/Waz=MUSICIANS/W/Waz/musicians_w_waz.jpg
/MUSICIANS/W/Weber_Markus=MUSICIANS/W/Weber_Markus/musicians_w_weber_matthias.jpg
/MUSICIANS/W/Welle_Erdball=MUSICIANS/W/Welle_Erdball/musicians_w_welle_erdball.jpg
/MUSICIANS/W/Welli=MUSICIANS/W/Welli/musicians_w_welli.jpg
/MUSICIANS/W/Wells_Jon=MUSICIANS/W/Wells_Jon/musicians_w_wells_jon.jpg
/MUSICIANS/W/Whittaker_David=MUSICIANS/W/Whittaker_David/musicians_w_whittaker_david.jpg
/MUSICIANS/W/Widding_Roy_Johan=MUSICIANS/W/Widding_Roy_Johan/musicians_w_widding_roy_johan.jpg
/MUSICIANS/W/Wijnhoven_Joachim=MUSICIANS/W/Wijnhoven_Joachim/musicians_w_wijnhoven_joachim.jpg
/MUSICIANS/W/Wiklund=MUSICIANS/W/Wiklund/musicians_w_wiklund.jpg
/MUSICIANS/W/Williams_Tony=MUSICIANS/W/Williams_Tony/musicians_w_williams_tony.jpg
/MUSICIANS/W/Wil=MUSICIANS/W/Wil/musicians_w_wil.jpg
/MUSICIANS/W/Winterberg_Michael=MUSICIANS/W/Winterberg_Michael/musicians_w_winterberg_michael.jpg
/MUSICIANS/W/Wisdom=MUSICIANS/W/Wisdom/musicians_w_wisdom.jpg
/MUSICIANS/W/Wuiti=MUSICIANS/W/Wuiti/musicians_w_wuiti.jpg
/MUSICIANS/X/Xiny6581=MUSICIANS/X/Xiny6581/musicians_x_xiny6581.jpg
/MUSICIANS/X/X-Jammer=MUSICIANS/X/X-Jammer/musicians_x_x-jammer.jpg
/MUSICIANS/X/Xonic_the_Fox=MUSICIANS/X/Xonic_the_Fox/musicians_x_xonic_the_fox.jpg
/MUSICIANS/Y/Yaemon=MUSICIANS/Y/Yaemon/musicians_y_yaemon.jpg
/MUSICIANS/Y/Yewchuk_Bob=MUSICIANS/Y/Yewchuk_Bob/musicians_y_yewchuk_bob.jpg
/MUSICIANS/Y/Yip=MUSICIANS/Y/Yip/musicians_y_yip.jpg
/MUSICIANS/Y/Ysyry=MUSICIANS/Y/Ysyry/musicians_y_ysyry.jpg
/MUSICIANS/Y/Yzi=MUSICIANS/Y/Yzi/musicians_y_yzi.jpg
/MUSICIANS/Z/Zabutom=MUSICIANS/Z/Zabutom/musicians_z_zabutom.jpg
/MUSICIANS/Z/Zagor=MUSICIANS/Z/Zagor/musicians_z_zagor.jpg
/MUSICIANS/Z/Zardax=MUSICIANS/Z/Zardax/musicians_z_zardax.jpg
/MUSICIANS/Z/Zenox=MUSICIANS/Z/Zenox/musicians_z_zenox.jpg
/MUSICIANS/Z/Zeta=MUSICIANS/Z/Zeta/musicians_z_zeta.jpg
/MUSICIANS/Z/Zeus_Anzac=MUSICIANS/Z/Zeus_Anzac/musicians_z_zeus_anzac.jpg
/MUSICIANS/Z/Zeux=MUSICIANS/Z/Zeux/musicians_z_zeux.jpg
/MUSICIANS/Z/Ziphoid=MUSICIANS/Z/Ziphoid/musicians_z_ziphoid.jpg
/MUSICIANS/Z/Zipper=MUSICIANS/Z/Zipper/musicians_z_zipper.jpg
/MUSICIANS/Z/Zlew=MUSICIANS/Z/Zlew/musicians_z_zlew.jpg
/MUSICIANS/Z/Zonix=MUSICIANS/Z/Zonix/musicians_z_zonix.jpg
/MUSICIANS/Z/Zoolex=MUSICIANS/Z/Zoolex/musicians_z_zoolex.jpg
/MUSICIANS/Z/Zyron=MUSICIANS/Z/Zyron/musicians_z_zyron.jpg
/MUSICIANS/Z/Zzap69=MUSICIANS/Z/Zzap69/musicians_z_zzap69.jpg
UNKNOWN=composer.png